url	status	content_type	bytes	sha256	file
https://i.imgur.com/euDwslIundefined.png	200	text/html	6675	48bce19fba755468f4180ec5f210bd631c3473930ede61f130796decdae26177	c:\Users\joshu\OneDrive\Documents\dnd\00 - Campaigns\Northwatch Wardens - (HomeBrew)\.tmp\imgur\01_euDwslIundefined.png
https://i.imgur.com/FyxJWvtundefined.png	200	text/html	6675	48bce19fba755468f4180ec5f210bd631c3473930ede61f130796decdae26177	c:\Users\joshu\OneDrive\Documents\dnd\00 - Campaigns\Northwatch Wardens - (HomeBrew)\.tmp\imgur\02_FyxJWvtundefined.png
https://i.imgur.com/81oYw9fundefined.png	200	text/html	6675	48bce19fba755468f4180ec5f210bd631c3473930ede61f130796decdae26177	c:\Users\joshu\OneDrive\Documents\dnd\00 - Campaigns\Northwatch Wardens - (HomeBrew)\.tmp\imgur\03_81oYw9fundefined.png
https://i.imgur.com/jOsvoOZundefined.png	200	text/html	6675	48bce19fba755468f4180ec5f210bd631c3473930ede61f130796decdae26177	c:\Users\joshu\OneDrive\Documents\dnd\00 - Campaigns\Northwatch Wardens - (HomeBrew)\.tmp\imgur\04_jOsvoOZundefined.png
https://i.imgur.com/xCNcelgundefined.png	200	text/html	6675	48bce19fba755468f4180ec5f210bd631c3473930ede61f130796decdae26177	c:\Users\joshu\OneDrive\Documents\dnd\00 - Campaigns\Northwatch Wardens - (HomeBrew)\.tmp\imgur\05_xCNcelgundefined.png
https://i.imgur.com/q0t6X9Gundefined.jpg	200	text/html	6675	48bce19fba755468f4180ec5f210bd631c3473930ede61f130796decdae26177	c:\Users\joshu\OneDrive\Documents\dnd\00 - Campaigns\Northwatch Wardens - (HomeBrew)\.tmp\imgur\06_q0t6X9Gundefined.jpg
https://i.imgur.com/yxGZKlqundefined.png	200	text/html	6675	48bce19fba755468f4180ec5f210bd631c3473930ede61f130796decdae26177	c:\Users\joshu\OneDrive\Documents\dnd\00 - Campaigns\Northwatch Wardens - (HomeBrew)\.tmp\imgur\07_yxGZKlqundefined.png
https://i.imgur.com/J4lh2Bsundefined.jpg	200	text/html	6675	48bce19fba755468f4180ec5f210bd631c3473930ede61f130796decdae26177	c:\Users\joshu\OneDrive\Documents\dnd\00 - Campaigns\Northwatch Wardens - (HomeBrew)\.tmp\imgur\08_J4lh2Bsundefined.jpg
https://i.imgur.com/kaLHuR3undefined.jpg	200	text/html	6675	48bce19fba755468f4180ec5f210bd631c3473930ede61f130796decdae26177	c:\Users\joshu\OneDrive\Documents\dnd\00 - Campaigns\Northwatch Wardens - (HomeBrew)\.tmp\imgur\09_kaLHuR3undefined.jpg
https://i.imgur.com/l0McAF7undefined.png	200	text/html	6675	48bce19fba755468f4180ec5f210bd631c3473930ede61f130796decdae26177	c:\Users\joshu\OneDrive\Documents\dnd\00 - Campaigns\Northwatch Wardens - (HomeBrew)\.tmp\imgur\10_l0McAF7undefined.png
https://i.imgur.com/gxsZ6Qhundefined.jpg	200	text/html	6675	48bce19fba755468f4180ec5f210bd631c3473930ede61f130796decdae26177	c:\Users\joshu\OneDrive\Documents\dnd\00 - Campaigns\Northwatch Wardens - (HomeBrew)\.tmp\imgur\11_gxsZ6Qhundefined.jpg
https://i.imgur.com/BSNEKgTundefined.png	200	text/html	6675	48bce19fba755468f4180ec5f210bd631c3473930ede61f130796decdae26177	c:\Users\joshu\OneDrive\Documents\dnd\00 - Campaigns\Northwatch Wardens - (HomeBrew)\.tmp\imgur\12_BSNEKgTundefined.png
https://i.imgur.com/0K66wmOundefined.png	200	text/html	6675	48bce19fba755468f4180ec5f210bd631c3473930ede61f130796decdae26177	c:\Users\joshu\OneDrive\Documents\dnd\00 - Campaigns\Northwatch Wardens - (HomeBrew)\.tmp\imgur\13_0K66wmOundefined.png
https://i.imgur.com/7zDKfWXundefined.jpg	200	text/html	6675	48bce19fba755468f4180ec5f210bd631c3473930ede61f130796decdae26177	c:\Users\joshu\OneDrive\Documents\dnd\00 - Campaigns\Northwatch Wardens - (HomeBrew)\.tmp\imgur\14_7zDKfWXundefined.jpg
https://i.imgur.com/Jd3rjFUundefined.png	200	text/html	6675	48bce19fba755468f4180ec5f210bd631c3473930ede61f130796decdae26177	c:\Users\joshu\OneDrive\Documents\dnd\00 - Campaigns\Northwatch Wardens - (HomeBrew)\.tmp\imgur\15_Jd3rjFUundefined.png
https://i.imgur.com/MKGXal6undefined.png	200	text/html	6675	48bce19fba755468f4180ec5f210bd631c3473930ede61f130796decdae26177	c:\Users\joshu\OneDrive\Documents\dnd\00 - Campaigns\Northwatch Wardens - (HomeBrew)\.tmp\imgur\16_MKGXal6undefined.png
https://i.imgur.com/duyvslNundefined.png	200	text/html	6675	48bce19fba755468f4180ec5f210bd631c3473930ede61f130796decdae26177	c:\Users\joshu\OneDrive\Documents\dnd\00 - Campaigns\Northwatch Wardens - (HomeBrew)\.tmp\imgur\17_duyvslNundefined.png
https://i.imgur.com/phlmuRaundefined.jpg	200	text/html	6675	48bce19fba755468f4180ec5f210bd631c3473930ede61f130796decdae26177	c:\Users\joshu\OneDrive\Documents\dnd\00 - Campaigns\Northwatch Wardens - (HomeBrew)\.tmp\imgur\18_phlmuRaundefined.jpg
https://i.imgur.com/RDbpNzDundefined.jpg	200	text/html	6675	48bce19fba755468f4180ec5f210bd631c3473930ede61f130796decdae26177	c:\Users\joshu\OneDrive\Documents\dnd\00 - Campaigns\Northwatch Wardens - (HomeBrew)\.tmp\imgur\19_RDbpNzDundefined.jpg
https://i.imgur.com/nujs23rundefined.png	200	text/html	6675	48bce19fba755468f4180ec5f210bd631c3473930ede61f130796decdae26177	c:\Users\joshu\OneDrive\Documents\dnd\00 - Campaigns\Northwatch Wardens - (HomeBrew)\.tmp\imgur\20_nujs23rundefined.png
https://i.imgur.com/lwDmJHhundefined.png	200	text/html	6675	48bce19fba755468f4180ec5f210bd631c3473930ede61f130796decdae26177	c:\Users\joshu\OneDrive\Documents\dnd\00 - Campaigns\Northwatch Wardens - (HomeBrew)\.tmp\imgur\21_lwDmJHhundefined.png
https://i.imgur.com/iltxa3wundefined.png	200	text/html	6675	48bce19fba755468f4180ec5f210bd631c3473930ede61f130796decdae26177	c:\Users\joshu\OneDrive\Documents\dnd\00 - Campaigns\Northwatch Wardens - (HomeBrew)\.tmp\imgur\22_iltxa3wundefined.png
https://i.imgur.com/CF8vnZ6undefined.jpg	200	text/html	6675	48bce19fba755468f4180ec5f210bd631c3473930ede61f130796decdae26177	c:\Users\joshu\OneDrive\Documents\dnd\00 - Campaigns\Northwatch Wardens - (HomeBrew)\.tmp\imgur\23_CF8vnZ6undefined.jpg
https://i.imgur.com/UiQtsusundefined.jpg	200	text/html	6675	48bce19fba755468f4180ec5f210bd631c3473930ede61f130796decdae26177	c:\Users\joshu\OneDrive\Documents\dnd\00 - Campaigns\Northwatch Wardens - (HomeBrew)\.tmp\imgur\24_UiQtsusundefined.jpg
https://i.imgur.com/DC56B5kundefined.jpg	200	text/html	6675	48bce19fba755468f4180ec5f210bd631c3473930ede61f130796decdae26177	c:\Users\joshu\OneDrive\Documents\dnd\00 - Campaigns\Northwatch Wardens - (HomeBrew)\.tmp\imgur\25_DC56B5kundefined.jpg
https://i.imgur.com/khdkxXUundefined.png	200	text/html	6675	48bce19fba755468f4180ec5f210bd631c3473930ede61f130796decdae26177	c:\Users\joshu\OneDrive\Documents\dnd\00 - Campaigns\Northwatch Wardens - (HomeBrew)\.tmp\imgur\26_khdkxXUundefined.png
https://i.imgur.com/fUWF9C0undefined.png	200	text/html	6675	48bce19fba755468f4180ec5f210bd631c3473930ede61f130796decdae26177	c:\Users\joshu\OneDrive\Documents\dnd\00 - Campaigns\Northwatch Wardens - (HomeBrew)\.tmp\imgur\27_fUWF9C0undefined.png
https://i.imgur.com/4oD3lBFundefined.jpg	200	text/html	6675	48bce19fba755468f4180ec5f210bd631c3473930ede61f130796decdae26177	c:\Users\joshu\OneDrive\Documents\dnd\00 - Campaigns\Northwatch Wardens - (HomeBrew)\.tmp\imgur\28_4oD3lBFundefined.jpg
https://i.imgur.com/EI33MV8undefined.jpg	200	text/html	6675	48bce19fba755468f4180ec5f210bd631c3473930ede61f130796decdae26177	c:\Users\joshu\OneDrive\Documents\dnd\00 - Campaigns\Northwatch Wardens - (HomeBrew)\.tmp\imgur\29_EI33MV8undefined.jpg
https://i.imgur.com/gqfEDrTundefined.png	200	text/html	6675	48bce19fba755468f4180ec5f210bd631c3473930ede61f130796decdae26177	c:\Users\joshu\OneDrive\Documents\dnd\00 - Campaigns\Northwatch Wardens - (HomeBrew)\.tmp\imgur\30_gqfEDrTundefined.png
https://i.imgur.com/1fiVcFEundefined.png	200	text/html	6675	48bce19fba755468f4180ec5f210bd631c3473930ede61f130796decdae26177	c:\Users\joshu\OneDrive\Documents\dnd\00 - Campaigns\Northwatch Wardens - (HomeBrew)\.tmp\imgur\31_1fiVcFEundefined.png
https://i.imgur.com/nx7gShDundefined.png	200	text/html	6675	48bce19fba755468f4180ec5f210bd631c3473930ede61f130796decdae26177	c:\Users\joshu\OneDrive\Documents\dnd\00 - Campaigns\Northwatch Wardens - (HomeBrew)\.tmp\imgur\32_nx7gShDundefined.png
https://i.imgur.com/frpcU8iundefined.jpg	200	text/html	6675	48bce19fba755468f4180ec5f210bd631c3473930ede61f130796decdae26177	c:\Users\joshu\OneDrive\Documents\dnd\00 - Campaigns\Northwatch Wardens - (HomeBrew)\.tmp\imgur\33_frpcU8iundefined.jpg
https://i.imgur.com/UUuiBcgundefined.jpg	200	text/html	6675	48bce19fba755468f4180ec5f210bd631c3473930ede61f130796decdae26177	c:\Users\joshu\OneDrive\Documents\dnd\00 - Campaigns\Northwatch Wardens - (HomeBrew)\.tmp\imgur\34_UUuiBcgundefined.jpg
https://i.imgur.com/dY6aoPzundefined.jpg	200	text/html	6675	48bce19fba755468f4180ec5f210bd631c3473930ede61f130796decdae26177	c:\Users\joshu\OneDrive\Documents\dnd\00 - Campaigns\Northwatch Wardens - (HomeBrew)\.tmp\imgur\35_dY6aoPzundefined.jpg
https://i.imgur.com/GJBMEOhundefined.jpg	200	text/html	6675	48bce19fba755468f4180ec5f210bd631c3473930ede61f130796decdae26177	c:\Users\joshu\OneDrive\Documents\dnd\00 - Campaigns\Northwatch Wardens - (HomeBrew)\.tmp\imgur\36_GJBMEOhundefined.jpg
https://i.imgur.com/fFRwVUyundefined.png	200	text/html	6675	48bce19fba755468f4180ec5f210bd631c3473930ede61f130796decdae26177	c:\Users\joshu\OneDrive\Documents\dnd\00 - Campaigns\Northwatch Wardens - (HomeBrew)\.tmp\imgur\37_fFRwVUyundefined.png
https://i.imgur.com/OOBoXARundefined.jpg	200	text/html	6675	48bce19fba755468f4180ec5f210bd631c3473930ede61f130796decdae26177	c:\Users\joshu\OneDrive\Documents\dnd\00 - Campaigns\Northwatch Wardens - (HomeBrew)\.tmp\imgur\38_OOBoXARundefined.jpg
https://i.imgur.com/XRPU9yLundefined.jpg	200	text/html	6675	48bce19fba755468f4180ec5f210bd631c3473930ede61f130796decdae26177	c:\Users\joshu\OneDrive\Documents\dnd\00 - Campaigns\Northwatch Wardens - (HomeBrew)\.tmp\imgur\39_XRPU9yLundefined.jpg
https://i.imgur.com/h0kcFqOundefined.png	200	text/html	6675	48bce19fba755468f4180ec5f210bd631c3473930ede61f130796decdae26177	c:\Users\joshu\OneDrive\Documents\dnd\00 - Campaigns\Northwatch Wardens - (HomeBrew)\.tmp\imgur\40_h0kcFqOundefined.png
