sha256	local_path	ref_count
4a1e96cb23ca800566fd584358cc2a2138cb7a4ba17298e7632944ce6c9cf495	C:\Users\joshu\OneDrive\Documents\dnd\00 - Campaigns\Northwatch Wardens - (HomeBrew)\World Building\Campaign Assets\cover-nww.png	1
e8e1e829f7bcc78fc9d208146f207b9512e06edda6b8fe085e347dcef64169a1	C:\Users\joshu\OneDrive\Documents\dnd\00 - Campaigns\Northwatch Wardens - (HomeBrew)\World Building\Campaign Assets\NorthreachMap.png	1
3184a023ebff7b740e4324a330f2168f38134bc3c7c52ededbc5e79a96beee07	C:\Users\joshu\OneDrive\Documents\dnd\00 - Campaigns\Northwatch Wardens - (HomeBrew)\World Building\Campaign Assets\Images\MarshalBrennaThorne.jpg	1
3184a023ebff7b740e4324a330f2168f38134bc3c7c52ededbc5e79a96beee07	C:\Users\joshu\OneDrive\Documents\dnd\00 - Campaigns\Northwatch Wardens - (HomeBrew)\Season 1\Campaign Assets\Images\MarshalBrennaThorne.jpg	3
4ed9830e5e4b864c11602ac943ffa6fe6c5e7ab264d88d9d1459bf88e1487923	C:\Users\joshu\OneDrive\Documents\dnd\00 - Campaigns\Northwatch Wardens - (HomeBrew)\World Building\Campaign Assets\Images\StewardMaraFenwick.jpg	1
4ed9830e5e4b864c11602ac943ffa6fe6c5e7ab264d88d9d1459bf88e1487923	C:\Users\joshu\OneDrive\Documents\dnd\00 - Campaigns\Northwatch Wardens - (HomeBrew)\Season 1\Campaign Assets\Images\StewardMaraFenwick.jpg	3
3ec2aeecae86eda3feab7a5917b8b73a129df25fbbeb433fddfa15be3502e5f5	C:\Users\joshu\OneDrive\Documents\dnd\00 - Campaigns\Northwatch Wardens - (HomeBrew)\World Building\Campaign Assets\Images\LorewardenElricVael.jpg	1
3ec2aeecae86eda3feab7a5917b8b73a129df25fbbeb433fddfa15be3502e5f5	C:\Users\joshu\OneDrive\Documents\dnd\00 - Campaigns\Northwatch Wardens - (HomeBrew)\Season 1\Campaign Assets\Images\LorewardenElricVael.jpg	3
1f0250d050cc0408b88d2a58b7de212e3fb5d09c0e013207e1a1f65dc9da6066	C:\Users\joshu\OneDrive\Documents\dnd\00 - Campaigns\Northwatch Wardens - (HomeBrew)\World Building\Campaign Assets\Images\Corel.jpg	1
1f0250d050cc0408b88d2a58b7de212e3fb5d09c0e013207e1a1f65dc9da6066	C:\Users\joshu\OneDrive\Documents\dnd\00 - Campaigns\Northwatch Wardens - (HomeBrew)\Season 1\Campaign Assets\Images\Corel.jpg	3
f87388c79c7a8ec58b9fc5bce3aa0e0ab75fd66e213426030283a6acb42646b2	C:\Users\joshu\OneDrive\Documents\dnd\00 - Campaigns\Northwatch Wardens - (HomeBrew)\World Building\Campaign Assets\Images\BordelBarleywind.png	1
f87388c79c7a8ec58b9fc5bce3aa0e0ab75fd66e213426030283a6acb42646b2	C:\Users\joshu\OneDrive\Documents\dnd\00 - Campaigns\Northwatch Wardens - (HomeBrew)\Season 1\Campaign Assets\Images\BordelBarleywind.png	3
fc6da3f7f7db1acbac2c1bf42f1ebeedf5c19b3605cf62d54ebedc4a7ea8506b	C:\Users\joshu\OneDrive\Documents\dnd\00 - Campaigns\Northwatch Wardens - (HomeBrew)\World Building\Campaign Assets\Images\RowanFairweather.png	1
fc6da3f7f7db1acbac2c1bf42f1ebeedf5c19b3605cf62d54ebedc4a7ea8506b	C:\Users\joshu\OneDrive\Documents\dnd\00 - Campaigns\Northwatch Wardens - (HomeBrew)\Season 1\Campaign Assets\Images\RowanFairweather.png	3
3f384627bc041a3f8db5fa85443a916535c81283955893d3019f2bbc6658f90e	C:\Users\joshu\OneDrive\Documents\dnd\00 - Campaigns\Northwatch Wardens - (HomeBrew)\World Building\Campaign Assets\Images\MilaTeno.png	1
3f384627bc041a3f8db5fa85443a916535c81283955893d3019f2bbc6658f90e	C:\Users\joshu\OneDrive\Documents\dnd\00 - Campaigns\Northwatch Wardens - (HomeBrew)\Season 1\Campaign Assets\Images\MilaTeno.png	3
4cbd0b2d1305ae7911898fd2cb76e4013488708100b216a611cd1264c2eb5916	C:\Users\joshu\OneDrive\Documents\dnd\00 - Campaigns\Northwatch Wardens - (HomeBrew)\World Building\Campaign Assets\Images\TakkOaksplitter.png	1
4cbd0b2d1305ae7911898fd2cb76e4013488708100b216a611cd1264c2eb5916	C:\Users\joshu\OneDrive\Documents\dnd\00 - Campaigns\Northwatch Wardens - (HomeBrew)\Season 1\Campaign Assets\Images\TakkOaksplitter.png	3
6e70ee2aa2233bbdccc08df2a7601ae39999b33da8380321aa4471a2d35f8491	C:\Users\joshu\OneDrive\Documents\dnd\00 - Campaigns\Northwatch Wardens - (HomeBrew)\World Building\Campaign Assets\Images\GalvenaAballon.png	1
6e70ee2aa2233bbdccc08df2a7601ae39999b33da8380321aa4471a2d35f8491	C:\Users\joshu\OneDrive\Documents\dnd\00 - Campaigns\Northwatch Wardens - (HomeBrew)\Season 1\Campaign Assets\Images\GalvenaAballon.png	3
346d95cfd9cb4f39e26894604db955199004843d620c8f02d59c9dc3e872e2bb	C:\Users\joshu\OneDrive\Documents\dnd\00 - Campaigns\Northwatch Wardens - (HomeBrew)\World Building\Campaign Assets\Images\AriodhHighwhirl.png	1
346d95cfd9cb4f39e26894604db955199004843d620c8f02d59c9dc3e872e2bb	C:\Users\joshu\OneDrive\Documents\dnd\00 - Campaigns\Northwatch Wardens - (HomeBrew)\Season 1\Campaign Assets\Images\AriodhHighwhirl.png	3
7f7972bac67d28a903d5c68fbc1349fa4625d2ba1fb31c75f193d72482aef781	C:\Users\joshu\OneDrive\Documents\dnd\00 - Campaigns\Northwatch Wardens - (HomeBrew)\World Building\Campaign Assets\Images\Guz.png	1
7f7972bac67d28a903d5c68fbc1349fa4625d2ba1fb31c75f193d72482aef781	C:\Users\joshu\OneDrive\Documents\dnd\00 - Campaigns\Northwatch Wardens - (HomeBrew)\Season 1\Campaign Assets\Images\Guz.png	4
58ca528622df468ba57f0788db212626f9903cb322fed12979910425bea25458	C:\Users\joshu\OneDrive\Documents\dnd\00 - Campaigns\Northwatch Wardens - (HomeBrew)\World Building\Campaign Assets\Images\SeraGelanadel.png	1
58ca528622df468ba57f0788db212626f9903cb322fed12979910425bea25458	C:\Users\joshu\OneDrive\Documents\dnd\00 - Campaigns\Northwatch Wardens - (HomeBrew)\Season 1\Campaign Assets\Images\SeraGelanadel.png	4
0edd83dfec1a15c675a5bb39bbdb7d42c8bab5862b6f78ea3fcd904ad86bef45	C:\Users\joshu\OneDrive\Documents\dnd\00 - Campaigns\Northwatch Wardens - (HomeBrew)\World Building\Campaign Assets\Images\AurixeanValignaak.png	1
0edd83dfec1a15c675a5bb39bbdb7d42c8bab5862b6f78ea3fcd904ad86bef45	C:\Users\joshu\OneDrive\Documents\dnd\00 - Campaigns\Northwatch Wardens - (HomeBrew)\Season 1\Campaign Assets\Images\AurixeanValignaak.png	3
a46d9998d0c9ef739ad39b40df6abe9e408a201056b8333c88c1cf58ac1e23dc	C:\Users\joshu\OneDrive\Documents\dnd\00 - Campaigns\Northwatch Wardens - (HomeBrew)\World Building\Campaign Assets\Images\Shinebright.png	1
a46d9998d0c9ef739ad39b40df6abe9e408a201056b8333c88c1cf58ac1e23dc	C:\Users\joshu\OneDrive\Documents\dnd\00 - Campaigns\Northwatch Wardens - (HomeBrew)\Season 1\Campaign Assets\Images\Shinebright.png	3
9a8518594e865694e47cd07d3b799a0b1697b2ab32e8cd8ceedcccc71fdb6615	C:\Users\joshu\OneDrive\Documents\dnd\00 - Campaigns\Northwatch Wardens - (HomeBrew)\World Building\Campaign Assets\Images\BalethCindermoon.png	1
9a8518594e865694e47cd07d3b799a0b1697b2ab32e8cd8ceedcccc71fdb6615	C:\Users\joshu\OneDrive\Documents\dnd\00 - Campaigns\Northwatch Wardens - (HomeBrew)\Season 1\Campaign Assets\Images\BalethCindermoon.png	2
6fe504ffcf6135f98a503416b7c63802b402fa529ca1b8807234443fb12608e6	C:\Users\joshu\OneDrive\Documents\dnd\00 - Campaigns\Northwatch Wardens - (HomeBrew)\World Building\Campaign Assets\Images\FatherJohanMerriksonn.jpg	1
6fe504ffcf6135f98a503416b7c63802b402fa529ca1b8807234443fb12608e6	C:\Users\joshu\OneDrive\Documents\dnd\00 - Campaigns\Northwatch Wardens - (HomeBrew)\Season 1\Campaign Assets\Images\FatherJohanMerriksonn.jpg	3
22fb2105329d9fb69d5502a37c6c6248ca9820c32a7819936a72134ff6d34122	C:\Users\joshu\OneDrive\Documents\dnd\00 - Campaigns\Northwatch Wardens - (HomeBrew)\World Building\Campaign Assets\Images\WillenFeatherock.jpg	1
22fb2105329d9fb69d5502a37c6c6248ca9820c32a7819936a72134ff6d34122	C:\Users\joshu\OneDrive\Documents\dnd\00 - Campaigns\Northwatch Wardens - (HomeBrew)\Season 1\Campaign Assets\Images\WillenFeatherock.jpg	3
52863430ab91db66f56c1ca5a53849d8838093abf0dd50cc5d792eed1be2fc2c	C:\Users\joshu\OneDrive\Documents\dnd\00 - Campaigns\Northwatch Wardens - (HomeBrew)\World Building\Campaign Assets\Images\FlyntWymblen.jpg	1
52863430ab91db66f56c1ca5a53849d8838093abf0dd50cc5d792eed1be2fc2c	C:\Users\joshu\OneDrive\Documents\dnd\00 - Campaigns\Northwatch Wardens - (HomeBrew)\Season 1\Campaign Assets\Images\FlyntWymblen.jpg	3
971f4c1a40cdad4484f2c568b838004204887d5951c8c8a1d4f177c3848e3dae	C:\Users\joshu\OneDrive\Documents\dnd\00 - Campaigns\Northwatch Wardens - (HomeBrew)\World Building\Campaign Assets\Images\JoelAndersmith.png	1
971f4c1a40cdad4484f2c568b838004204887d5951c8c8a1d4f177c3848e3dae	C:\Users\joshu\OneDrive\Documents\dnd\00 - Campaigns\Northwatch Wardens - (HomeBrew)\Season 1\Campaign Assets\Images\JoelAndersmith.png	3
e59688b67668184686e0e46f23cc5721cb9be2fcc6a8f3bfcbcd51fa50d4a571	C:\Users\joshu\OneDrive\Documents\dnd\00 - Campaigns\Northwatch Wardens - (HomeBrew)\World Building\Campaign Assets\NW2.png	1
91b2796756ac9031e411c07db83c7377ddd65f286c9228c339263e9a94726844	C:\Users\joshu\OneDrive\Documents\dnd\00 - Campaigns\Northwatch Wardens - (HomeBrew)\Season 1\Campaign Assets\Images\Bolt.jpg	3
313a30db7bd2281e3a7576041f770526e96f9732f2d089df29d4932f0b83a0e4	C:\Users\joshu\OneDrive\Documents\dnd\00 - Campaigns\Northwatch Wardens - (HomeBrew)\Season 1\Campaign Assets\Images\Flame.jpg	3
14017574f5b3e62641130f825b2a42529106f7a640c1adc10efa4f5e105b5428	C:\Users\joshu\OneDrive\Documents\dnd\00 - Campaigns\Northwatch Wardens - (HomeBrew)\Season 1\Campaign Assets\Images\WaystoneWolf.png	2
df6f268083f7ded81828cf44ddbe5fde19769cd535a273553f8849895d861dbb	C:\Users\joshu\OneDrive\Documents\dnd\00 - Campaigns\Northwatch Wardens - (HomeBrew)\Season 1\Campaign Assets\Images\AlexiMerriksonn.jpg	2
262400fec319b1d0d6d683b8aca8474275054b20cb882bbe62012f50c6a32347	C:\Users\joshu\OneDrive\Documents\dnd\00 - Campaigns\Northwatch Wardens - (HomeBrew)\Season 1\Campaign Assets\Images\TillusMerrion.png	2
3f1eaea8b44e10a57370ae57348c93a8e980ad45b86235ce74d710905f043078	C:\Users\joshu\OneDrive\Documents\dnd\00 - Campaigns\Northwatch Wardens - (HomeBrew)\Season 1\Campaign Assets\Images\LeanorSlatebeard.png	2
090d50255afcdf643638ee88ecad477ca46cdcf7bfada21acda9bbb48b0089c0	C:\Users\joshu\OneDrive\Documents\dnd\00 - Campaigns\Northwatch Wardens - (HomeBrew)\Season 1\Campaign Assets\Images\BantethSlatebeard.jpg	2
de304c93f02084269f5887c257f3ce3ab4314bedc80ab4c04fe783dfd4cd2eb4	C:\Users\joshu\OneDrive\Documents\dnd\00 - Campaigns\Northwatch Wardens - (HomeBrew)\Season 1\Campaign Assets\Images\IrvenLiel.jpg	2
c6808ae7ec0bc09a3292630d164a25981adcbedb6551b99d33a12c5c6041c10d	C:\Users\joshu\OneDrive\Documents\dnd\00 - Campaigns\Northwatch Wardens - (HomeBrew)\Season 1\Campaign Assets\Images\ArlBortock.jpg	2
582064e13cd4521e38b418f12a325679e499d53d441d27e2199b4a1912a93412	C:\Users\joshu\OneDrive\Documents\dnd\00 - Campaigns\Northwatch Wardens - (HomeBrew)\Season 1\Campaign Assets\Images\FentonTethwick.jpg	2
f3be3e98d6655894e8577952dcbd3a380762f644781622b348220ae900f4796a	C:\Users\joshu\OneDrive\Documents\dnd\00 - Campaigns\Northwatch Wardens - (HomeBrew)\Season 1\Campaign Assets\Images\CaptainEmmajeenKole.png	2
c3bef488eecb0beaa22d8fcb0c9b5ad45b6c76a4767f960587bb34877d58340d	C:\Users\joshu\OneDrive\Documents\dnd\00 - Campaigns\Northwatch Wardens - (HomeBrew)\Season 1\Campaign Assets\Images\Wyrmling(BabyDragon).png	2
d1ca260fdb643834dbdec2c844b81d68fe6c8fa812728be2147af296c823c3b5	C:\Users\joshu\OneDrive\Documents\dnd\00 - Campaigns\Northwatch Wardens - (HomeBrew)\Season 1\Campaign Assets\Images\Rorn(SilverDragonMother).png	2
876fad8cef102ea571a9b5770b54be16b11f8f627d15ba3a89b644bb98713c93	C:\Users\joshu\OneDrive\Documents\dnd\00 - Campaigns\Northwatch Wardens - (HomeBrew)\Season 1\Campaign Assets\Images\ElroAldataur.png	2
26520a997fb1525675cc334c20b7400bc9976ead87e04b1aa8c9b347307e934f	C:\Users\joshu\OneDrive\Documents\dnd\00 - Campaigns\Northwatch Wardens - (HomeBrew)\Season 1\Campaign Assets\Images\VerlaPelc.jpg	2
a9a77653bce4147049d82ab9b1738135ec2c8d86c8fb5e917b2c62a4b9c41389	C:\Users\joshu\OneDrive\Documents\dnd\00 - Campaigns\Northwatch Wardens - (HomeBrew)\Season 1\Campaign Assets\Images\UrgonWenth.png	2
cbb5fe8865d1c38a790e2db9338dd45df1a2e13e98105d9e4cc377da944c4ab8	C:\Users\joshu\OneDrive\Documents\dnd\00 - Campaigns\Northwatch Wardens - (HomeBrew)\Season 1\Campaign Assets\Images\Guz'sWolf.jpg	2
bb043925aaeeabd39c09a68046c9f97f429a60ad3a65f21e851e9a161dec5974	C:\Users\joshu\OneDrive\Documents\dnd\00 - Campaigns\Northwatch Wardens - (HomeBrew)\Season 1\Campaign Assets\Images\PolymorphedBear.jpg	2
d191afb49f3507a3bcf4bfa4bad41c97f66e90bac8066bc608dc82db75f8226a	C:\Users\joshu\OneDrive\Documents\dnd\00 - Campaigns\Northwatch Wardens - (HomeBrew)\Season 1\Adventures\Peril_in_Pinebrook_COMPLETE\Peril_in_Pinebrook_COMPLETE_images\image_001.png	1
d191afb49f3507a3bcf4bfa4bad41c97f66e90bac8066bc608dc82db75f8226a	C:\Users\joshu\OneDrive\Documents\dnd\00 - Campaigns\Northwatch Wardens - (HomeBrew)\Season 1\Adventures\Peril_in_Pinebrook_COMPLETE\Peril_in_Pinebrook_COMPLETE_images\image_002.png	1
961d4a35481d4eec6ba63df2e681dff82feb9aabfe51a9150d69a610af2e3d5d	C:\Users\joshu\OneDrive\Documents\dnd\00 - Campaigns\Northwatch Wardens - (HomeBrew)\Season 1\Adventures\Peril_in_Pinebrook_COMPLETE\Peril_in_Pinebrook_COMPLETE_images\image_003.png	1
961d4a35481d4eec6ba63df2e681dff82feb9aabfe51a9150d69a610af2e3d5d	C:\Users\joshu\OneDrive\Documents\dnd\00 - Campaigns\Northwatch Wardens - (HomeBrew)\Season 1\Adventures\Peril_in_Pinebrook_COMPLETE\Peril_in_Pinebrook_COMPLETE_images\image_010.png	1
961d4a35481d4eec6ba63df2e681dff82feb9aabfe51a9150d69a610af2e3d5d	C:\Users\joshu\OneDrive\Documents\dnd\00 - Campaigns\Northwatch Wardens - (HomeBrew)\Season 1\Adventures\Peril_in_Pinebrook_COMPLETE\Peril_in_Pinebrook_COMPLETE_images\image_029.png	1
961d4a35481d4eec6ba63df2e681dff82feb9aabfe51a9150d69a610af2e3d5d	C:\Users\joshu\OneDrive\Documents\dnd\00 - Campaigns\Northwatch Wardens - (HomeBrew)\Season 1\Adventures\Peril_in_Pinebrook_COMPLETE\Peril_in_Pinebrook_COMPLETE_images\image_036.png	1
961d4a35481d4eec6ba63df2e681dff82feb9aabfe51a9150d69a610af2e3d5d	C:\Users\joshu\OneDrive\Documents\dnd\00 - Campaigns\Northwatch Wardens - (HomeBrew)\Season 1\Adventures\Peril_in_Pinebrook_COMPLETE\Peril_in_Pinebrook_COMPLETE_images\image_063.png	1
961d4a35481d4eec6ba63df2e681dff82feb9aabfe51a9150d69a610af2e3d5d	C:\Users\joshu\OneDrive\Documents\dnd\00 - Campaigns\Northwatch Wardens - (HomeBrew)\Season 1\Adventures\Peril_in_Pinebrook_COMPLETE\Peril_in_Pinebrook_COMPLETE_images\image_072.png	1
961d4a35481d4eec6ba63df2e681dff82feb9aabfe51a9150d69a610af2e3d5d	C:\Users\joshu\OneDrive\Documents\dnd\00 - Campaigns\Northwatch Wardens - (HomeBrew)\Season 1\Adventures\Peril_in_Pinebrook_COMPLETE\Peril_in_Pinebrook_COMPLETE_images\image_101.png	1
961d4a35481d4eec6ba63df2e681dff82feb9aabfe51a9150d69a610af2e3d5d	C:\Users\joshu\OneDrive\Documents\dnd\00 - Campaigns\Northwatch Wardens - (HomeBrew)\Season 1\Adventures\Peril_in_Pinebrook_COMPLETE\Peril_in_Pinebrook_COMPLETE_images\image_112.png	1
674cb18cf1a73d635b6f72e29e62f65f6cd92df64ef874c068aa499176212775	C:\Users\joshu\OneDrive\Documents\dnd\00 - Campaigns\Northwatch Wardens - (HomeBrew)\Season 1\Adventures\Peril_in_Pinebrook_COMPLETE\Peril_in_Pinebrook_COMPLETE_images\image_004.png	1
674cb18cf1a73d635b6f72e29e62f65f6cd92df64ef874c068aa499176212775	C:\Users\joshu\OneDrive\Documents\dnd\00 - Campaigns\Northwatch Wardens - (HomeBrew)\Season 1\Adventures\Peril_in_Pinebrook_COMPLETE\Peril_in_Pinebrook_COMPLETE_images\image_011.png	1
b7fb9076fc50437731d15e7f1825d0b844d893e4b1ee831847be2269608deefe	C:\Users\joshu\OneDrive\Documents\dnd\00 - Campaigns\Northwatch Wardens - (HomeBrew)\Season 1\Adventures\Peril_in_Pinebrook_COMPLETE\Peril_in_Pinebrook_COMPLETE_images\image_005.png	1
b7fb9076fc50437731d15e7f1825d0b844d893e4b1ee831847be2269608deefe	C:\Users\joshu\OneDrive\Documents\dnd\00 - Campaigns\Northwatch Wardens - (HomeBrew)\Season 1\Adventures\Peril_in_Pinebrook_COMPLETE\Peril_in_Pinebrook_COMPLETE_images\image_012.png	1
978d79d96656a3b30470a3186e718ae62dcf1bf68e7adee472ef16a28494ac25	C:\Users\joshu\OneDrive\Documents\dnd\00 - Campaigns\Northwatch Wardens - (HomeBrew)\Season 1\Adventures\Peril_in_Pinebrook_COMPLETE\Peril_in_Pinebrook_COMPLETE_images\image_006.png	1
978d79d96656a3b30470a3186e718ae62dcf1bf68e7adee472ef16a28494ac25	C:\Users\joshu\OneDrive\Documents\dnd\00 - Campaigns\Northwatch Wardens - (HomeBrew)\Season 1\Adventures\Peril_in_Pinebrook_COMPLETE\Peril_in_Pinebrook_COMPLETE_images\image_013.png	1
62203562ada8295886f6fd11f43ac0cf88d5a91d0301d0f37e1d5ecf3edc3c49	C:\Users\joshu\OneDrive\Documents\dnd\00 - Campaigns\Northwatch Wardens - (HomeBrew)\Season 1\Adventures\Peril_in_Pinebrook_COMPLETE\Peril_in_Pinebrook_COMPLETE_images\image_007.png	1
62203562ada8295886f6fd11f43ac0cf88d5a91d0301d0f37e1d5ecf3edc3c49	C:\Users\joshu\OneDrive\Documents\dnd\00 - Campaigns\Northwatch Wardens - (HomeBrew)\Season 1\Adventures\Peril_in_Pinebrook_COMPLETE\Peril_in_Pinebrook_COMPLETE_images\image_014.png	1
43f67df4ded971bfc25c4c07039817d49481578995da8bbd28ccccafef24e608	C:\Users\joshu\OneDrive\Documents\dnd\00 - Campaigns\Northwatch Wardens - (HomeBrew)\Season 1\Adventures\Peril_in_Pinebrook_COMPLETE\Peril_in_Pinebrook_COMPLETE_images\image_008.png	1
43f67df4ded971bfc25c4c07039817d49481578995da8bbd28ccccafef24e608	C:\Users\joshu\OneDrive\Documents\dnd\00 - Campaigns\Northwatch Wardens - (HomeBrew)\Season 1\Adventures\Peril_in_Pinebrook_COMPLETE\Peril_in_Pinebrook_COMPLETE_images\image_015.png	1
3f7bf5388a9853e16643125d77e53bc6eb5b86b7ff083368eed2795505955b01	C:\Users\joshu\OneDrive\Documents\dnd\00 - Campaigns\Northwatch Wardens - (HomeBrew)\Season 1\Adventures\Peril_in_Pinebrook_COMPLETE\Peril_in_Pinebrook_COMPLETE_images\image_009.png	1
3f7bf5388a9853e16643125d77e53bc6eb5b86b7ff083368eed2795505955b01	C:\Users\joshu\OneDrive\Documents\dnd\00 - Campaigns\Northwatch Wardens - (HomeBrew)\Season 1\Adventures\Peril_in_Pinebrook_COMPLETE\Peril_in_Pinebrook_COMPLETE_images\image_016.png	1
7bcf2084c1d6148d79b277dc94b66e734004a1cedaa72b08578627c015d7e2c4	C:\Users\joshu\OneDrive\Documents\dnd\00 - Campaigns\Northwatch Wardens - (HomeBrew)\Season 1\Adventures\Peril_in_Pinebrook_COMPLETE\Peril_in_Pinebrook_COMPLETE_images\image_017.png	1
7bcf2084c1d6148d79b277dc94b66e734004a1cedaa72b08578627c015d7e2c4	C:\Users\joshu\OneDrive\Documents\dnd\00 - Campaigns\Northwatch Wardens - (HomeBrew)\Season 1\Adventures\Peril_in_Pinebrook_COMPLETE\Peril_in_Pinebrook_COMPLETE_images\image_023.png	1
7bcf2084c1d6148d79b277dc94b66e734004a1cedaa72b08578627c015d7e2c4	C:\Users\joshu\OneDrive\Documents\dnd\00 - Campaigns\Northwatch Wardens - (HomeBrew)\Season 1\Adventures\Peril_in_Pinebrook_COMPLETE\Peril_in_Pinebrook_COMPLETE_images\image_053.png	1
7bcf2084c1d6148d79b277dc94b66e734004a1cedaa72b08578627c015d7e2c4	C:\Users\joshu\OneDrive\Documents\dnd\00 - Campaigns\Northwatch Wardens - (HomeBrew)\Season 1\Adventures\Peril_in_Pinebrook_COMPLETE\Peril_in_Pinebrook_COMPLETE_images\image_081.png	1
7bcf2084c1d6148d79b277dc94b66e734004a1cedaa72b08578627c015d7e2c4	C:\Users\joshu\OneDrive\Documents\dnd\00 - Campaigns\Northwatch Wardens - (HomeBrew)\Season 1\Adventures\Peril_in_Pinebrook_COMPLETE\Peril_in_Pinebrook_COMPLETE_images\image_091.png	1
7bcf2084c1d6148d79b277dc94b66e734004a1cedaa72b08578627c015d7e2c4	C:\Users\joshu\OneDrive\Documents\dnd\00 - Campaigns\Northwatch Wardens - (HomeBrew)\Season 1\Adventures\Peril_in_Pinebrook_COMPLETE\Peril_in_Pinebrook_COMPLETE_images\image_123.png	1
7bcf2084c1d6148d79b277dc94b66e734004a1cedaa72b08578627c015d7e2c4	C:\Users\joshu\OneDrive\Documents\dnd\00 - Campaigns\Northwatch Wardens - (HomeBrew)\Season 1\Adventures\Peril_in_Pinebrook_COMPLETE\Peril_in_Pinebrook_COMPLETE_images\image_134.png	1
11f4083d7c6c9285e4da1042e4517f18ee1162c6f7fa8cce9fd2429240bcaad5	C:\Users\joshu\OneDrive\Documents\dnd\00 - Campaigns\Northwatch Wardens - (HomeBrew)\Season 1\Adventures\Peril_in_Pinebrook_COMPLETE\Peril_in_Pinebrook_COMPLETE_images\image_018.png	1
11f4083d7c6c9285e4da1042e4517f18ee1162c6f7fa8cce9fd2429240bcaad5	C:\Users\joshu\OneDrive\Documents\dnd\00 - Campaigns\Northwatch Wardens - (HomeBrew)\Season 1\Adventures\Peril_in_Pinebrook_COMPLETE\Peril_in_Pinebrook_COMPLETE_images\image_024.png	1
11f4083d7c6c9285e4da1042e4517f18ee1162c6f7fa8cce9fd2429240bcaad5	C:\Users\joshu\OneDrive\Documents\dnd\00 - Campaigns\Northwatch Wardens - (HomeBrew)\Season 1\Adventures\Peril_in_Pinebrook_COMPLETE\Peril_in_Pinebrook_COMPLETE_images\image_044.png	1
11f4083d7c6c9285e4da1042e4517f18ee1162c6f7fa8cce9fd2429240bcaad5	C:\Users\joshu\OneDrive\Documents\dnd\00 - Campaigns\Northwatch Wardens - (HomeBrew)\Season 1\Adventures\Peril_in_Pinebrook_COMPLETE\Peril_in_Pinebrook_COMPLETE_images\image_054.png	1
11f4083d7c6c9285e4da1042e4517f18ee1162c6f7fa8cce9fd2429240bcaad5	C:\Users\joshu\OneDrive\Documents\dnd\00 - Campaigns\Northwatch Wardens - (HomeBrew)\Season 1\Adventures\Peril_in_Pinebrook_COMPLETE\Peril_in_Pinebrook_COMPLETE_images\image_082.png	1
11f4083d7c6c9285e4da1042e4517f18ee1162c6f7fa8cce9fd2429240bcaad5	C:\Users\joshu\OneDrive\Documents\dnd\00 - Campaigns\Northwatch Wardens - (HomeBrew)\Season 1\Adventures\Peril_in_Pinebrook_COMPLETE\Peril_in_Pinebrook_COMPLETE_images\image_092.png	1
11f4083d7c6c9285e4da1042e4517f18ee1162c6f7fa8cce9fd2429240bcaad5	C:\Users\joshu\OneDrive\Documents\dnd\00 - Campaigns\Northwatch Wardens - (HomeBrew)\Season 1\Adventures\Peril_in_Pinebrook_COMPLETE\Peril_in_Pinebrook_COMPLETE_images\image_124.png	1
bd69c6c6796e05819619dd2dbb9c5c2ec8c9d3bee65a8f286865ee5bcd05be18	C:\Users\joshu\OneDrive\Documents\dnd\00 - Campaigns\Northwatch Wardens - (HomeBrew)\Season 1\Adventures\Peril_in_Pinebrook_COMPLETE\Peril_in_Pinebrook_COMPLETE_images\image_019.png	1
bd69c6c6796e05819619dd2dbb9c5c2ec8c9d3bee65a8f286865ee5bcd05be18	C:\Users\joshu\OneDrive\Documents\dnd\00 - Campaigns\Northwatch Wardens - (HomeBrew)\Season 1\Adventures\Peril_in_Pinebrook_COMPLETE\Peril_in_Pinebrook_COMPLETE_images\image_025.png	1
bd69c6c6796e05819619dd2dbb9c5c2ec8c9d3bee65a8f286865ee5bcd05be18	C:\Users\joshu\OneDrive\Documents\dnd\00 - Campaigns\Northwatch Wardens - (HomeBrew)\Season 1\Adventures\Peril_in_Pinebrook_COMPLETE\Peril_in_Pinebrook_COMPLETE_images\image_043.png	1
545b7a7078c662bc1daf9bcf380d7f85cae0d2be17efdacaaf99e6de19fb934d	C:\Users\joshu\OneDrive\Documents\dnd\00 - Campaigns\Northwatch Wardens - (HomeBrew)\Season 1\Adventures\Peril_in_Pinebrook_COMPLETE\Peril_in_Pinebrook_COMPLETE_images\image_020.png	1
545b7a7078c662bc1daf9bcf380d7f85cae0d2be17efdacaaf99e6de19fb934d	C:\Users\joshu\OneDrive\Documents\dnd\00 - Campaigns\Northwatch Wardens - (HomeBrew)\Season 1\Adventures\Peril_in_Pinebrook_COMPLETE\Peril_in_Pinebrook_COMPLETE_images\image_026.png	1
408c4ada3a81a59564f92a502272c1abc2f1faa43e5924e42ec986e8d88774e5	C:\Users\joshu\OneDrive\Documents\dnd\00 - Campaigns\Northwatch Wardens - (HomeBrew)\Season 1\Adventures\Peril_in_Pinebrook_COMPLETE\Peril_in_Pinebrook_COMPLETE_images\image_021.png	1
408c4ada3a81a59564f92a502272c1abc2f1faa43e5924e42ec986e8d88774e5	C:\Users\joshu\OneDrive\Documents\dnd\00 - Campaigns\Northwatch Wardens - (HomeBrew)\Season 1\Adventures\Peril_in_Pinebrook_COMPLETE\Peril_in_Pinebrook_COMPLETE_images\image_027.png	1
1997811f4335996c50656179f42326e1cbc943870cbf43b5f34cf15d270c59c6	C:\Users\joshu\OneDrive\Documents\dnd\00 - Campaigns\Northwatch Wardens - (HomeBrew)\Season 1\Adventures\Peril_in_Pinebrook_COMPLETE\Peril_in_Pinebrook_COMPLETE_images\image_022.png	1
1997811f4335996c50656179f42326e1cbc943870cbf43b5f34cf15d270c59c6	C:\Users\joshu\OneDrive\Documents\dnd\00 - Campaigns\Northwatch Wardens - (HomeBrew)\Season 1\Adventures\Peril_in_Pinebrook_COMPLETE\Peril_in_Pinebrook_COMPLETE_images\image_028.png	1
57c5e74dce4bcdf536201763fa857316409ddaddc59461fd050386e21be50f98	C:\Users\joshu\OneDrive\Documents\dnd\00 - Campaigns\Northwatch Wardens - (HomeBrew)\Season 1\Adventures\Peril_in_Pinebrook_COMPLETE\Peril_in_Pinebrook_COMPLETE_images\image_030.png	1
57c5e74dce4bcdf536201763fa857316409ddaddc59461fd050386e21be50f98	C:\Users\joshu\OneDrive\Documents\dnd\00 - Campaigns\Northwatch Wardens - (HomeBrew)\Season 1\Adventures\Peril_in_Pinebrook_COMPLETE\Peril_in_Pinebrook_COMPLETE_images\image_037.png	1
51cd0fe56f74476a6f70c30c64225f12597a1fe716516094bea3b5e43474764f	C:\Users\joshu\OneDrive\Documents\dnd\00 - Campaigns\Northwatch Wardens - (HomeBrew)\Season 1\Adventures\Peril_in_Pinebrook_COMPLETE\Peril_in_Pinebrook_COMPLETE_images\image_031.png	1
51cd0fe56f74476a6f70c30c64225f12597a1fe716516094bea3b5e43474764f	C:\Users\joshu\OneDrive\Documents\dnd\00 - Campaigns\Northwatch Wardens - (HomeBrew)\Season 1\Adventures\Peril_in_Pinebrook_COMPLETE\Peril_in_Pinebrook_COMPLETE_images\image_038.png	1
a2fa75f787169aeb909972fbb8f85e4c77eb731d9dcb9920694874e457617676	C:\Users\joshu\OneDrive\Documents\dnd\00 - Campaigns\Northwatch Wardens - (HomeBrew)\Season 1\Adventures\Peril_in_Pinebrook_COMPLETE\Peril_in_Pinebrook_COMPLETE_images\image_032.png	1
a2fa75f787169aeb909972fbb8f85e4c77eb731d9dcb9920694874e457617676	C:\Users\joshu\OneDrive\Documents\dnd\00 - Campaigns\Northwatch Wardens - (HomeBrew)\Season 1\Adventures\Peril_in_Pinebrook_COMPLETE\Peril_in_Pinebrook_COMPLETE_images\image_039.png	1
a874011c16e2e8625d6f5a88b72df34c0ee2454ce4a54991f63c4894b91978ce	C:\Users\joshu\OneDrive\Documents\dnd\00 - Campaigns\Northwatch Wardens - (HomeBrew)\Season 1\Adventures\Peril_in_Pinebrook_COMPLETE\Peril_in_Pinebrook_COMPLETE_images\image_033.png	1
a874011c16e2e8625d6f5a88b72df34c0ee2454ce4a54991f63c4894b91978ce	C:\Users\joshu\OneDrive\Documents\dnd\00 - Campaigns\Northwatch Wardens - (HomeBrew)\Season 1\Adventures\Peril_in_Pinebrook_COMPLETE\Peril_in_Pinebrook_COMPLETE_images\image_040.png	1
24406ebf7485d12803f9835d852387b0d6c8dbb837eae06ab535d74027c84f1d	C:\Users\joshu\OneDrive\Documents\dnd\00 - Campaigns\Northwatch Wardens - (HomeBrew)\Season 1\Adventures\Peril_in_Pinebrook_COMPLETE\Peril_in_Pinebrook_COMPLETE_images\image_034.png	1
24406ebf7485d12803f9835d852387b0d6c8dbb837eae06ab535d74027c84f1d	C:\Users\joshu\OneDrive\Documents\dnd\00 - Campaigns\Northwatch Wardens - (HomeBrew)\Season 1\Adventures\Peril_in_Pinebrook_COMPLETE\Peril_in_Pinebrook_COMPLETE_images\image_041.png	1
d9afd77b52b07826225233cab9b94feaa35a4e7b0cc82d2fb8de66c2f0994b72	C:\Users\joshu\OneDrive\Documents\dnd\00 - Campaigns\Northwatch Wardens - (HomeBrew)\Season 1\Adventures\Peril_in_Pinebrook_COMPLETE\Peril_in_Pinebrook_COMPLETE_images\image_035.png	1
d9afd77b52b07826225233cab9b94feaa35a4e7b0cc82d2fb8de66c2f0994b72	C:\Users\joshu\OneDrive\Documents\dnd\00 - Campaigns\Northwatch Wardens - (HomeBrew)\Season 1\Adventures\Peril_in_Pinebrook_COMPLETE\Peril_in_Pinebrook_COMPLETE_images\image_042.png	1
09452a05d3ed30cb9a34f0bf415be8764e988af746616e0437911bddb8f429f2	C:\Users\joshu\OneDrive\Documents\dnd\00 - Campaigns\Northwatch Wardens - (HomeBrew)\Season 1\Adventures\Peril_in_Pinebrook_COMPLETE\Peril_in_Pinebrook_COMPLETE_images\image_045.png	1
09452a05d3ed30cb9a34f0bf415be8764e988af746616e0437911bddb8f429f2	C:\Users\joshu\OneDrive\Documents\dnd\00 - Campaigns\Northwatch Wardens - (HomeBrew)\Season 1\Adventures\Peril_in_Pinebrook_COMPLETE\Peril_in_Pinebrook_COMPLETE_images\image_055.png	1
9d75f27d9487d34db038700e07f28bca91060da7bf20b2aa44d6f5ed9f429cd0	C:\Users\joshu\OneDrive\Documents\dnd\00 - Campaigns\Northwatch Wardens - (HomeBrew)\Season 1\Adventures\Peril_in_Pinebrook_COMPLETE\Peril_in_Pinebrook_COMPLETE_images\image_046.png	1
9d75f27d9487d34db038700e07f28bca91060da7bf20b2aa44d6f5ed9f429cd0	C:\Users\joshu\OneDrive\Documents\dnd\00 - Campaigns\Northwatch Wardens - (HomeBrew)\Season 1\Adventures\Peril_in_Pinebrook_COMPLETE\Peril_in_Pinebrook_COMPLETE_images\image_056.png	1
b48ef68f2106c830bf8078438b4b379218747741bca893b2ecf1ff5585794f0e	C:\Users\joshu\OneDrive\Documents\dnd\00 - Campaigns\Northwatch Wardens - (HomeBrew)\Season 1\Adventures\Peril_in_Pinebrook_COMPLETE\Peril_in_Pinebrook_COMPLETE_images\image_047.png	1
b48ef68f2106c830bf8078438b4b379218747741bca893b2ecf1ff5585794f0e	C:\Users\joshu\OneDrive\Documents\dnd\00 - Campaigns\Northwatch Wardens - (HomeBrew)\Season 1\Adventures\Peril_in_Pinebrook_COMPLETE\Peril_in_Pinebrook_COMPLETE_images\image_057.png	1
9c8b2a694f84eeca2ad7da0f56be33d117bb28577609ade22eeaabb5fc6ab1b0	C:\Users\joshu\OneDrive\Documents\dnd\00 - Campaigns\Northwatch Wardens - (HomeBrew)\Season 1\Adventures\Peril_in_Pinebrook_COMPLETE\Peril_in_Pinebrook_COMPLETE_images\image_048.png	1
9c8b2a694f84eeca2ad7da0f56be33d117bb28577609ade22eeaabb5fc6ab1b0	C:\Users\joshu\OneDrive\Documents\dnd\00 - Campaigns\Northwatch Wardens - (HomeBrew)\Season 1\Adventures\Peril_in_Pinebrook_COMPLETE\Peril_in_Pinebrook_COMPLETE_images\image_058.png	1
a8f71f0c33b0686b1b95603f86f8818417712652126b6e31f5b721a2e43622d6	C:\Users\joshu\OneDrive\Documents\dnd\00 - Campaigns\Northwatch Wardens - (HomeBrew)\Season 1\Adventures\Peril_in_Pinebrook_COMPLETE\Peril_in_Pinebrook_COMPLETE_images\image_049.png	1
a8f71f0c33b0686b1b95603f86f8818417712652126b6e31f5b721a2e43622d6	C:\Users\joshu\OneDrive\Documents\dnd\00 - Campaigns\Northwatch Wardens - (HomeBrew)\Season 1\Adventures\Peril_in_Pinebrook_COMPLETE\Peril_in_Pinebrook_COMPLETE_images\image_059.png	1
193416973ba82e88b24cebb25cdbd6aa60b5005cb1c0f7cfefbb71b4e91a8461	C:\Users\joshu\OneDrive\Documents\dnd\00 - Campaigns\Northwatch Wardens - (HomeBrew)\Season 1\Adventures\Peril_in_Pinebrook_COMPLETE\Peril_in_Pinebrook_COMPLETE_images\image_050.png	1
193416973ba82e88b24cebb25cdbd6aa60b5005cb1c0f7cfefbb71b4e91a8461	C:\Users\joshu\OneDrive\Documents\dnd\00 - Campaigns\Northwatch Wardens - (HomeBrew)\Season 1\Adventures\Peril_in_Pinebrook_COMPLETE\Peril_in_Pinebrook_COMPLETE_images\image_060.png	1
ec1237da4d2e309a98ccafa1ef9b7ef9d0503044360e3ed70cd457a213647569	C:\Users\joshu\OneDrive\Documents\dnd\00 - Campaigns\Northwatch Wardens - (HomeBrew)\Season 1\Adventures\Peril_in_Pinebrook_COMPLETE\Peril_in_Pinebrook_COMPLETE_images\image_051.png	1
ec1237da4d2e309a98ccafa1ef9b7ef9d0503044360e3ed70cd457a213647569	C:\Users\joshu\OneDrive\Documents\dnd\00 - Campaigns\Northwatch Wardens - (HomeBrew)\Season 1\Adventures\Peril_in_Pinebrook_COMPLETE\Peril_in_Pinebrook_COMPLETE_images\image_061.png	1
148d3b1f915c093374a25514171730da307913e0502df4a782599edeb88cf7f1	C:\Users\joshu\OneDrive\Documents\dnd\00 - Campaigns\Northwatch Wardens - (HomeBrew)\Season 1\Adventures\Peril_in_Pinebrook_COMPLETE\Peril_in_Pinebrook_COMPLETE_images\image_052.png	1
148d3b1f915c093374a25514171730da307913e0502df4a782599edeb88cf7f1	C:\Users\joshu\OneDrive\Documents\dnd\00 - Campaigns\Northwatch Wardens - (HomeBrew)\Season 1\Adventures\Peril_in_Pinebrook_COMPLETE\Peril_in_Pinebrook_COMPLETE_images\image_062.png	1
6e23be7c4a6f36bc722a0f689ab8343f8d09dd5e8e837a59b1878ff9e717373f	C:\Users\joshu\OneDrive\Documents\dnd\00 - Campaigns\Northwatch Wardens - (HomeBrew)\Season 1\Adventures\Peril_in_Pinebrook_COMPLETE\Peril_in_Pinebrook_COMPLETE_images\image_064.png	1
6e23be7c4a6f36bc722a0f689ab8343f8d09dd5e8e837a59b1878ff9e717373f	C:\Users\joshu\OneDrive\Documents\dnd\00 - Campaigns\Northwatch Wardens - (HomeBrew)\Season 1\Adventures\Peril_in_Pinebrook_COMPLETE\Peril_in_Pinebrook_COMPLETE_images\image_073.png	1
eae2fbecd2f8984dee887b7640b6c096478c12f1f6acc8b172939bd046a96a57	C:\Users\joshu\OneDrive\Documents\dnd\00 - Campaigns\Northwatch Wardens - (HomeBrew)\Season 1\Adventures\Peril_in_Pinebrook_COMPLETE\Peril_in_Pinebrook_COMPLETE_images\image_065.png	1
eae2fbecd2f8984dee887b7640b6c096478c12f1f6acc8b172939bd046a96a57	C:\Users\joshu\OneDrive\Documents\dnd\00 - Campaigns\Northwatch Wardens - (HomeBrew)\Season 1\Adventures\Peril_in_Pinebrook_COMPLETE\Peril_in_Pinebrook_COMPLETE_images\image_074.png	1
26fbbecb4321066c31124eb347d3620743fb207132b7b5874e54f6fc464c558b	C:\Users\joshu\OneDrive\Documents\dnd\00 - Campaigns\Northwatch Wardens - (HomeBrew)\Season 1\Adventures\Peril_in_Pinebrook_COMPLETE\Peril_in_Pinebrook_COMPLETE_images\image_066.png	1
26fbbecb4321066c31124eb347d3620743fb207132b7b5874e54f6fc464c558b	C:\Users\joshu\OneDrive\Documents\dnd\00 - Campaigns\Northwatch Wardens - (HomeBrew)\Season 1\Adventures\Peril_in_Pinebrook_COMPLETE\Peril_in_Pinebrook_COMPLETE_images\image_075.png	1
bdbd1215a093fb399b0ee44cdb0c3b4da0707eb86d97b322e56cc21049cdb82b	C:\Users\joshu\OneDrive\Documents\dnd\00 - Campaigns\Northwatch Wardens - (HomeBrew)\Season 1\Adventures\Peril_in_Pinebrook_COMPLETE\Peril_in_Pinebrook_COMPLETE_images\image_067.png	1
bdbd1215a093fb399b0ee44cdb0c3b4da0707eb86d97b322e56cc21049cdb82b	C:\Users\joshu\OneDrive\Documents\dnd\00 - Campaigns\Northwatch Wardens - (HomeBrew)\Season 1\Adventures\Peril_in_Pinebrook_COMPLETE\Peril_in_Pinebrook_COMPLETE_images\image_076.png	1
c6a1ba431f7f4ef91c0097b671c823fab2cce8813a583f747c29de08ef20a14d	C:\Users\joshu\OneDrive\Documents\dnd\00 - Campaigns\Northwatch Wardens - (HomeBrew)\Season 1\Adventures\Peril_in_Pinebrook_COMPLETE\Peril_in_Pinebrook_COMPLETE_images\image_068.png	1
c6a1ba431f7f4ef91c0097b671c823fab2cce8813a583f747c29de08ef20a14d	C:\Users\joshu\OneDrive\Documents\dnd\00 - Campaigns\Northwatch Wardens - (HomeBrew)\Season 1\Adventures\Peril_in_Pinebrook_COMPLETE\Peril_in_Pinebrook_COMPLETE_images\image_077.png	1
0ae0d6b3a22b14ca075c240ece27e147a6914189600e359c036ed151ff7b76b5	C:\Users\joshu\OneDrive\Documents\dnd\00 - Campaigns\Northwatch Wardens - (HomeBrew)\Season 1\Adventures\Peril_in_Pinebrook_COMPLETE\Peril_in_Pinebrook_COMPLETE_images\image_069.png	1
0ae0d6b3a22b14ca075c240ece27e147a6914189600e359c036ed151ff7b76b5	C:\Users\joshu\OneDrive\Documents\dnd\00 - Campaigns\Northwatch Wardens - (HomeBrew)\Season 1\Adventures\Peril_in_Pinebrook_COMPLETE\Peril_in_Pinebrook_COMPLETE_images\image_078.png	1
599517b08f74031e43a8be43f7468a2d18ce931b1dfcb7fbcbc66db6858cb674	C:\Users\joshu\OneDrive\Documents\dnd\00 - Campaigns\Northwatch Wardens - (HomeBrew)\Season 1\Adventures\Peril_in_Pinebrook_COMPLETE\Peril_in_Pinebrook_COMPLETE_images\image_070.png	1
599517b08f74031e43a8be43f7468a2d18ce931b1dfcb7fbcbc66db6858cb674	C:\Users\joshu\OneDrive\Documents\dnd\00 - Campaigns\Northwatch Wardens - (HomeBrew)\Season 1\Adventures\Peril_in_Pinebrook_COMPLETE\Peril_in_Pinebrook_COMPLETE_images\image_079.png	1
8268fad223430d9531043dd0e724630f58c8d7963cd93658f357c85d0c73e20e	C:\Users\joshu\OneDrive\Documents\dnd\00 - Campaigns\Northwatch Wardens - (HomeBrew)\Season 1\Adventures\Peril_in_Pinebrook_COMPLETE\Peril_in_Pinebrook_COMPLETE_images\image_071.png	1
8268fad223430d9531043dd0e724630f58c8d7963cd93658f357c85d0c73e20e	C:\Users\joshu\OneDrive\Documents\dnd\00 - Campaigns\Northwatch Wardens - (HomeBrew)\Season 1\Adventures\Peril_in_Pinebrook_COMPLETE\Peril_in_Pinebrook_COMPLETE_images\image_080.png	1
4aaa9f2f19e3176fd86b8882a451d00edabd166f9d40693556ad533364730ca5	C:\Users\joshu\OneDrive\Documents\dnd\00 - Campaigns\Northwatch Wardens - (HomeBrew)\Season 1\Adventures\Peril_in_Pinebrook_COMPLETE\Peril_in_Pinebrook_COMPLETE_images\image_083.png	1
4aaa9f2f19e3176fd86b8882a451d00edabd166f9d40693556ad533364730ca5	C:\Users\joshu\OneDrive\Documents\dnd\00 - Campaigns\Northwatch Wardens - (HomeBrew)\Season 1\Adventures\Peril_in_Pinebrook_COMPLETE\Peril_in_Pinebrook_COMPLETE_images\image_093.png	1
e5d4d8862f8c1e65126b556b59543622aeb90996a76bab8da3833cde4c1666df	C:\Users\joshu\OneDrive\Documents\dnd\00 - Campaigns\Northwatch Wardens - (HomeBrew)\Season 1\Adventures\Peril_in_Pinebrook_COMPLETE\Peril_in_Pinebrook_COMPLETE_images\image_084.png	1
e5d4d8862f8c1e65126b556b59543622aeb90996a76bab8da3833cde4c1666df	C:\Users\joshu\OneDrive\Documents\dnd\00 - Campaigns\Northwatch Wardens - (HomeBrew)\Season 1\Adventures\Peril_in_Pinebrook_COMPLETE\Peril_in_Pinebrook_COMPLETE_images\image_094.png	1
dda39bd3db2e46796977680b876d6f1d61f9a0cb51d33aff853f8e54dfa9e7e3	C:\Users\joshu\OneDrive\Documents\dnd\00 - Campaigns\Northwatch Wardens - (HomeBrew)\Season 1\Adventures\Peril_in_Pinebrook_COMPLETE\Peril_in_Pinebrook_COMPLETE_images\image_085.png	1
dda39bd3db2e46796977680b876d6f1d61f9a0cb51d33aff853f8e54dfa9e7e3	C:\Users\joshu\OneDrive\Documents\dnd\00 - Campaigns\Northwatch Wardens - (HomeBrew)\Season 1\Adventures\Peril_in_Pinebrook_COMPLETE\Peril_in_Pinebrook_COMPLETE_images\image_095.png	1
1da71d6e263e3d29d15c33cd38975eccd17a091fe0603406606e23fd3a47a577	C:\Users\joshu\OneDrive\Documents\dnd\00 - Campaigns\Northwatch Wardens - (HomeBrew)\Season 1\Adventures\Peril_in_Pinebrook_COMPLETE\Peril_in_Pinebrook_COMPLETE_images\image_086.png	1
1da71d6e263e3d29d15c33cd38975eccd17a091fe0603406606e23fd3a47a577	C:\Users\joshu\OneDrive\Documents\dnd\00 - Campaigns\Northwatch Wardens - (HomeBrew)\Season 1\Adventures\Peril_in_Pinebrook_COMPLETE\Peril_in_Pinebrook_COMPLETE_images\image_096.png	1
7e5e740877df314b73e467f0fd4870ee9b1ca689170f052613c5d8c9002aa293	C:\Users\joshu\OneDrive\Documents\dnd\00 - Campaigns\Northwatch Wardens - (HomeBrew)\Season 1\Adventures\Peril_in_Pinebrook_COMPLETE\Peril_in_Pinebrook_COMPLETE_images\image_087.png	1
7e5e740877df314b73e467f0fd4870ee9b1ca689170f052613c5d8c9002aa293	C:\Users\joshu\OneDrive\Documents\dnd\00 - Campaigns\Northwatch Wardens - (HomeBrew)\Season 1\Adventures\Peril_in_Pinebrook_COMPLETE\Peril_in_Pinebrook_COMPLETE_images\image_097.png	1
6227bf946bbd2e2fa7ac38021c62e9bfc9ffe481b6f984d2fbffd7ed8863276a	C:\Users\joshu\OneDrive\Documents\dnd\00 - Campaigns\Northwatch Wardens - (HomeBrew)\Season 1\Adventures\Peril_in_Pinebrook_COMPLETE\Peril_in_Pinebrook_COMPLETE_images\image_088.png	1
6227bf946bbd2e2fa7ac38021c62e9bfc9ffe481b6f984d2fbffd7ed8863276a	C:\Users\joshu\OneDrive\Documents\dnd\00 - Campaigns\Northwatch Wardens - (HomeBrew)\Season 1\Adventures\Peril_in_Pinebrook_COMPLETE\Peril_in_Pinebrook_COMPLETE_images\image_098.png	1
2c0a119db64f931ee855b2f7c44f0e477db0fa19fbd81db1a0f786370d906f5a	C:\Users\joshu\OneDrive\Documents\dnd\00 - Campaigns\Northwatch Wardens - (HomeBrew)\Season 1\Adventures\Peril_in_Pinebrook_COMPLETE\Peril_in_Pinebrook_COMPLETE_images\image_089.png	1
2c0a119db64f931ee855b2f7c44f0e477db0fa19fbd81db1a0f786370d906f5a	C:\Users\joshu\OneDrive\Documents\dnd\00 - Campaigns\Northwatch Wardens - (HomeBrew)\Season 1\Adventures\Peril_in_Pinebrook_COMPLETE\Peril_in_Pinebrook_COMPLETE_images\image_099.png	1
b0671a193839b5f0d49780897d2c9d2637b3054c75dca7d9e69c2d6ae0e456ae	C:\Users\joshu\OneDrive\Documents\dnd\00 - Campaigns\Northwatch Wardens - (HomeBrew)\Season 1\Adventures\Peril_in_Pinebrook_COMPLETE\Peril_in_Pinebrook_COMPLETE_images\image_090.png	1
b0671a193839b5f0d49780897d2c9d2637b3054c75dca7d9e69c2d6ae0e456ae	C:\Users\joshu\OneDrive\Documents\dnd\00 - Campaigns\Northwatch Wardens - (HomeBrew)\Season 1\Adventures\Peril_in_Pinebrook_COMPLETE\Peril_in_Pinebrook_COMPLETE_images\image_100.png	1
28ceae495f8c9abf3a20e72ccfcec8f8834dabeda6d9704be1524d90175b7ced	C:\Users\joshu\OneDrive\Documents\dnd\00 - Campaigns\Northwatch Wardens - (HomeBrew)\Season 1\Adventures\Peril_in_Pinebrook_COMPLETE\Peril_in_Pinebrook_COMPLETE_images\image_102.png	1
28ceae495f8c9abf3a20e72ccfcec8f8834dabeda6d9704be1524d90175b7ced	C:\Users\joshu\OneDrive\Documents\dnd\00 - Campaigns\Northwatch Wardens - (HomeBrew)\Season 1\Adventures\Peril_in_Pinebrook_COMPLETE\Peril_in_Pinebrook_COMPLETE_images\image_113.png	1
e141d3f66e977e9ae17a11d63c266a51edcc6b1a44f93100d0b96fbf4785b983	C:\Users\joshu\OneDrive\Documents\dnd\00 - Campaigns\Northwatch Wardens - (HomeBrew)\Season 1\Adventures\Peril_in_Pinebrook_COMPLETE\Peril_in_Pinebrook_COMPLETE_images\image_103.png	1
e141d3f66e977e9ae17a11d63c266a51edcc6b1a44f93100d0b96fbf4785b983	C:\Users\joshu\OneDrive\Documents\dnd\00 - Campaigns\Northwatch Wardens - (HomeBrew)\Season 1\Adventures\Peril_in_Pinebrook_COMPLETE\Peril_in_Pinebrook_COMPLETE_images\image_114.png	1
c2cf29ee58103e2f2b41794e72d76a7556b26d0c460a152c6beeedd39650e382	C:\Users\joshu\OneDrive\Documents\dnd\00 - Campaigns\Northwatch Wardens - (HomeBrew)\Season 1\Adventures\Peril_in_Pinebrook_COMPLETE\Peril_in_Pinebrook_COMPLETE_images\image_104.png	1
c2cf29ee58103e2f2b41794e72d76a7556b26d0c460a152c6beeedd39650e382	C:\Users\joshu\OneDrive\Documents\dnd\00 - Campaigns\Northwatch Wardens - (HomeBrew)\Season 1\Adventures\Peril_in_Pinebrook_COMPLETE\Peril_in_Pinebrook_COMPLETE_images\image_115.png	1
0b351f7358a452f0eba9b0a6668828ff98fca703ab2c2afd6a62843228cb4e34	C:\Users\joshu\OneDrive\Documents\dnd\00 - Campaigns\Northwatch Wardens - (HomeBrew)\Season 1\Adventures\Peril_in_Pinebrook_COMPLETE\Peril_in_Pinebrook_COMPLETE_images\image_105.png	1
0b351f7358a452f0eba9b0a6668828ff98fca703ab2c2afd6a62843228cb4e34	C:\Users\joshu\OneDrive\Documents\dnd\00 - Campaigns\Northwatch Wardens - (HomeBrew)\Season 1\Adventures\Peril_in_Pinebrook_COMPLETE\Peril_in_Pinebrook_COMPLETE_images\image_116.png	1
2af91ca71d64297e0ae55a4211e3fe6c2fa2902936b5ca0c979c7f51b2fb4def	C:\Users\joshu\OneDrive\Documents\dnd\00 - Campaigns\Northwatch Wardens - (HomeBrew)\Season 1\Adventures\Peril_in_Pinebrook_COMPLETE\Peril_in_Pinebrook_COMPLETE_images\image_106.png	1
2af91ca71d64297e0ae55a4211e3fe6c2fa2902936b5ca0c979c7f51b2fb4def	C:\Users\joshu\OneDrive\Documents\dnd\00 - Campaigns\Northwatch Wardens - (HomeBrew)\Season 1\Adventures\Peril_in_Pinebrook_COMPLETE\Peril_in_Pinebrook_COMPLETE_images\image_117.png	1
ce21340d8b6e02f0644fd1896783cb94b841c6ec9822947504aa6864b3832498	C:\Users\joshu\OneDrive\Documents\dnd\00 - Campaigns\Northwatch Wardens - (HomeBrew)\Season 1\Adventures\Peril_in_Pinebrook_COMPLETE\Peril_in_Pinebrook_COMPLETE_images\image_107.png	1
ce21340d8b6e02f0644fd1896783cb94b841c6ec9822947504aa6864b3832498	C:\Users\joshu\OneDrive\Documents\dnd\00 - Campaigns\Northwatch Wardens - (HomeBrew)\Season 1\Adventures\Peril_in_Pinebrook_COMPLETE\Peril_in_Pinebrook_COMPLETE_images\image_118.png	1
ba40a2faef2ea9163c851f3eed936f101e9cdefe3e8d57424806ca516acfa702	C:\Users\joshu\OneDrive\Documents\dnd\00 - Campaigns\Northwatch Wardens - (HomeBrew)\Season 1\Adventures\Peril_in_Pinebrook_COMPLETE\Peril_in_Pinebrook_COMPLETE_images\image_108.png	1
ba40a2faef2ea9163c851f3eed936f101e9cdefe3e8d57424806ca516acfa702	C:\Users\joshu\OneDrive\Documents\dnd\00 - Campaigns\Northwatch Wardens - (HomeBrew)\Season 1\Adventures\Peril_in_Pinebrook_COMPLETE\Peril_in_Pinebrook_COMPLETE_images\image_119.png	1
e245cb85507fce99682b3a73aae5a944469c68cc5d0a78558136f119b83ba040	C:\Users\joshu\OneDrive\Documents\dnd\00 - Campaigns\Northwatch Wardens - (HomeBrew)\Season 1\Adventures\Peril_in_Pinebrook_COMPLETE\Peril_in_Pinebrook_COMPLETE_images\image_109.png	1
e245cb85507fce99682b3a73aae5a944469c68cc5d0a78558136f119b83ba040	C:\Users\joshu\OneDrive\Documents\dnd\00 - Campaigns\Northwatch Wardens - (HomeBrew)\Season 1\Adventures\Peril_in_Pinebrook_COMPLETE\Peril_in_Pinebrook_COMPLETE_images\image_120.png	1
382d26aac752ddbd81963ae228c6157e65d36f8d377fc5078647a7a35dd94f91	C:\Users\joshu\OneDrive\Documents\dnd\00 - Campaigns\Northwatch Wardens - (HomeBrew)\Season 1\Adventures\Peril_in_Pinebrook_COMPLETE\Peril_in_Pinebrook_COMPLETE_images\image_110.png	1
382d26aac752ddbd81963ae228c6157e65d36f8d377fc5078647a7a35dd94f91	C:\Users\joshu\OneDrive\Documents\dnd\00 - Campaigns\Northwatch Wardens - (HomeBrew)\Season 1\Adventures\Peril_in_Pinebrook_COMPLETE\Peril_in_Pinebrook_COMPLETE_images\image_111.png	1
382d26aac752ddbd81963ae228c6157e65d36f8d377fc5078647a7a35dd94f91	C:\Users\joshu\OneDrive\Documents\dnd\00 - Campaigns\Northwatch Wardens - (HomeBrew)\Season 1\Adventures\Peril_in_Pinebrook_COMPLETE\Peril_in_Pinebrook_COMPLETE_images\image_121.png	1
382d26aac752ddbd81963ae228c6157e65d36f8d377fc5078647a7a35dd94f91	C:\Users\joshu\OneDrive\Documents\dnd\00 - Campaigns\Northwatch Wardens - (HomeBrew)\Season 1\Adventures\Peril_in_Pinebrook_COMPLETE\Peril_in_Pinebrook_COMPLETE_images\image_122.png	1
4ab3c4744336e2e10a667bd0800f9e11de7163ed6977e7850f2bfaa61d8ff778	C:\Users\joshu\OneDrive\Documents\dnd\00 - Campaigns\Northwatch Wardens - (HomeBrew)\Season 1\Adventures\Peril_in_Pinebrook_COMPLETE\Peril_in_Pinebrook_COMPLETE_images\image_125.png	1
2ded166f36dc45a1d824c15887181ebfd71435675cc72a8468976e09e1ab3783	C:\Users\joshu\OneDrive\Documents\dnd\00 - Campaigns\Northwatch Wardens - (HomeBrew)\Season 1\Adventures\Peril_in_Pinebrook_COMPLETE\Peril_in_Pinebrook_COMPLETE_images\image_126.png	1
21fa28918b06de54e0db38c7043e3b75128bf5bdde2fcb452d065648b78bdd19	C:\Users\joshu\OneDrive\Documents\dnd\00 - Campaigns\Northwatch Wardens - (HomeBrew)\Season 1\Adventures\Peril_in_Pinebrook_COMPLETE\Peril_in_Pinebrook_COMPLETE_images\image_127.png	1
fbb262fcc3583436b5bad1a34f7d1cb33399a3a7ac80ce075beb94641c71b24a	C:\Users\joshu\OneDrive\Documents\dnd\00 - Campaigns\Northwatch Wardens - (HomeBrew)\Season 1\Adventures\Peril_in_Pinebrook_COMPLETE\Peril_in_Pinebrook_COMPLETE_images\image_128.png	1
13cf1e98da7ed9281cb0e2dfa3d0d36f70464bd97d47297f882272a5bd92157e	C:\Users\joshu\OneDrive\Documents\dnd\00 - Campaigns\Northwatch Wardens - (HomeBrew)\Season 1\Adventures\Peril_in_Pinebrook_COMPLETE\Peril_in_Pinebrook_COMPLETE_images\image_129.png	1
57951a45b9761c2fdbe535becb93c0703865b73fa7a7cebd2c7b12e1db457404	C:\Users\joshu\OneDrive\Documents\dnd\00 - Campaigns\Northwatch Wardens - (HomeBrew)\Season 1\Adventures\Peril_in_Pinebrook_COMPLETE\Peril_in_Pinebrook_COMPLETE_images\image_130.png	1
e651ecf2d655963ff666d34863722bb0f429a9db764e5effdcf2085ed3001b3b	C:\Users\joshu\OneDrive\Documents\dnd\00 - Campaigns\Northwatch Wardens - (HomeBrew)\Season 1\Adventures\Peril_in_Pinebrook_COMPLETE\Peril_in_Pinebrook_COMPLETE_images\image_131.png	1
209b22233d6881b83880822c7616bd5852e67a6c3024b9dccd713cd14e2c5ffe	C:\Users\joshu\OneDrive\Documents\dnd\00 - Campaigns\Northwatch Wardens - (HomeBrew)\Season 1\Adventures\Peril_in_Pinebrook_COMPLETE\Peril_in_Pinebrook_COMPLETE_images\image_132.png	1
ad74a2789b308ea171ae1643702e7b3c8be1c93fcfcae113ed2097253f789108	C:\Users\joshu\OneDrive\Documents\dnd\00 - Campaigns\Northwatch Wardens - (HomeBrew)\Season 1\Adventures\Peril_in_Pinebrook_COMPLETE\Peril_in_Pinebrook_COMPLETE_images\image_133.png	1
44b80c09597f778587ccc7a27150798d692b5c19c680c14caa1012f7e4c4f7e8	C:\Users\joshu\OneDrive\Documents\dnd\00 - Campaigns\Northwatch Wardens - (HomeBrew)\Season 1\Adventures\Wolves_Of_Welton\5E_Wolves_Of_Welton_images\image_001.png	1
3d18f8dfdb773d1ff678e26fdd24ec209e5cce64b876daac365ade88ebcf0a80	C:\Users\joshu\OneDrive\Documents\dnd\00 - Campaigns\Northwatch Wardens - (HomeBrew)\Season 1\Adventures\Wolves_Of_Welton\5E_Wolves_Of_Welton_images\image_004.png	1
3d18f8dfdb773d1ff678e26fdd24ec209e5cce64b876daac365ade88ebcf0a80	C:\Users\joshu\OneDrive\Documents\dnd\00 - Campaigns\Northwatch Wardens - (HomeBrew)\Season 1\Adventures\Wolves_Of_Welton\5E_Wolves_Of_Welton_images\image_006.png	1
2169335e814be502a4fcdf7270d3ab56315b7d9e73fe52cc1bb89ce20ac47fd5	C:\Users\joshu\OneDrive\Documents\dnd\00 - Campaigns\Northwatch Wardens - (HomeBrew)\Season 1\Adventures\Wolves_Of_Welton\5E_Wolves_Of_Welton_images\image_007.png	1
