local_path	md_file	original_target
C:\Users\joshu\OneDrive\Documents\dnd\00 - Campaigns\Northwatch Wardens - (HomeBrew)\World Building\Campaign Assets\cover-nww.png	c:\Users\joshu\OneDrive\Documents\dnd\00 - Campaigns\Northwatch Wardens - (HomeBrew)\World Building\Regions\Northreach\Northreach_Journal_and_Lore.md	../../Campaign%20Assets/cover-nww.png
C:\Users\joshu\OneDrive\Documents\dnd\00 - Campaigns\Northwatch Wardens - (HomeBrew)\World Building\Campaign Assets\NorthreachMap.png	c:\Users\joshu\OneDrive\Documents\dnd\00 - Campaigns\Northwatch Wardens - (HomeBrew)\World Building\Regions\Northreach\Northreach_Journal_and_Lore.md	../../Campaign%20Assets/NorthreachMap.png
C:\Users\joshu\OneDrive\Documents\dnd\00 - Campaigns\Northwatch Wardens - (HomeBrew)\World Building\Campaign Assets\Images\MarshalBrennaThorne.jpg	c:\Users\joshu\OneDrive\Documents\dnd\00 - Campaigns\Northwatch Wardens - (HomeBrew)\World Building\Regions\Northreach\Northreach_Journal_and_Lore.md	../../Campaign%20Assets/Images/MarshalBrennaThorne.jpg
C:\Users\joshu\OneDrive\Documents\dnd\00 - Campaigns\Northwatch Wardens - (HomeBrew)\World Building\Campaign Assets\Images\StewardMaraFenwick.jpg	c:\Users\joshu\OneDrive\Documents\dnd\00 - Campaigns\Northwatch Wardens - (HomeBrew)\World Building\Regions\Northreach\Northreach_Journal_and_Lore.md	../../Campaign%20Assets/Images/StewardMaraFenwick.jpg
C:\Users\joshu\OneDrive\Documents\dnd\00 - Campaigns\Northwatch Wardens - (HomeBrew)\World Building\Campaign Assets\Images\LorewardenElricVael.jpg	c:\Users\joshu\OneDrive\Documents\dnd\00 - Campaigns\Northwatch Wardens - (HomeBrew)\World Building\Regions\Northreach\Northreach_Journal_and_Lore.md	../../Campaign%20Assets/Images/LorewardenElricVael.jpg
C:\Users\joshu\OneDrive\Documents\dnd\00 - Campaigns\Northwatch Wardens - (HomeBrew)\World Building\Campaign Assets\Images\Corel.jpg	c:\Users\joshu\OneDrive\Documents\dnd\00 - Campaigns\Northwatch Wardens - (HomeBrew)\World Building\Regions\Northreach\Northreach_Journal_and_Lore.md	../../Campaign%20Assets/Images/Corel.jpg
C:\Users\joshu\OneDrive\Documents\dnd\00 - Campaigns\Northwatch Wardens - (HomeBrew)\World Building\Campaign Assets\Images\BordelBarleywind.png	c:\Users\joshu\OneDrive\Documents\dnd\00 - Campaigns\Northwatch Wardens - (HomeBrew)\World Building\Regions\Northreach\Northreach_Journal_and_Lore.md	../../Campaign%20Assets/Images/BordelBarleywind.png
C:\Users\joshu\OneDrive\Documents\dnd\00 - Campaigns\Northwatch Wardens - (HomeBrew)\World Building\Campaign Assets\Images\RowanFairweather.png	c:\Users\joshu\OneDrive\Documents\dnd\00 - Campaigns\Northwatch Wardens - (HomeBrew)\World Building\Regions\Northreach\Northreach_Journal_and_Lore.md	../../Campaign%20Assets/Images/RowanFairweather.png
C:\Users\joshu\OneDrive\Documents\dnd\00 - Campaigns\Northwatch Wardens - (HomeBrew)\World Building\Campaign Assets\Images\MilaTeno.png	c:\Users\joshu\OneDrive\Documents\dnd\00 - Campaigns\Northwatch Wardens - (HomeBrew)\World Building\Regions\Northreach\Northreach_Journal_and_Lore.md	../../Campaign%20Assets/Images/MilaTeno.png
C:\Users\joshu\OneDrive\Documents\dnd\00 - Campaigns\Northwatch Wardens - (HomeBrew)\World Building\Campaign Assets\Images\TakkOaksplitter.png	c:\Users\joshu\OneDrive\Documents\dnd\00 - Campaigns\Northwatch Wardens - (HomeBrew)\World Building\Regions\Northreach\Northreach_Journal_and_Lore.md	../../Campaign%20Assets/Images/TakkOaksplitter.png
C:\Users\joshu\OneDrive\Documents\dnd\00 - Campaigns\Northwatch Wardens - (HomeBrew)\World Building\Campaign Assets\Images\GalvenaAballon.png	c:\Users\joshu\OneDrive\Documents\dnd\00 - Campaigns\Northwatch Wardens - (HomeBrew)\World Building\Regions\Northreach\Northreach_Journal_and_Lore.md	../../Campaign%20Assets/Images/GalvenaAballon.png
C:\Users\joshu\OneDrive\Documents\dnd\00 - Campaigns\Northwatch Wardens - (HomeBrew)\World Building\Campaign Assets\Images\AriodhHighwhirl.png	c:\Users\joshu\OneDrive\Documents\dnd\00 - Campaigns\Northwatch Wardens - (HomeBrew)\World Building\Regions\Northreach\Northreach_Journal_and_Lore.md	../../Campaign%20Assets/Images/AriodhHighwhirl.png
C:\Users\joshu\OneDrive\Documents\dnd\00 - Campaigns\Northwatch Wardens - (HomeBrew)\World Building\Campaign Assets\Images\Guz.png	c:\Users\joshu\OneDrive\Documents\dnd\00 - Campaigns\Northwatch Wardens - (HomeBrew)\World Building\Regions\Northreach\Northreach_Journal_and_Lore.md	../../Campaign%20Assets/Images/Guz.png
C:\Users\joshu\OneDrive\Documents\dnd\00 - Campaigns\Northwatch Wardens - (HomeBrew)\World Building\Campaign Assets\Images\SeraGelanadel.png	c:\Users\joshu\OneDrive\Documents\dnd\00 - Campaigns\Northwatch Wardens - (HomeBrew)\World Building\Regions\Northreach\Northreach_Journal_and_Lore.md	../../Campaign%20Assets/Images/SeraGelanadel.png
C:\Users\joshu\OneDrive\Documents\dnd\00 - Campaigns\Northwatch Wardens - (HomeBrew)\World Building\Campaign Assets\Images\AurixeanValignaak.png	c:\Users\joshu\OneDrive\Documents\dnd\00 - Campaigns\Northwatch Wardens - (HomeBrew)\World Building\Regions\Northreach\Northreach_Journal_and_Lore.md	../../Campaign%20Assets/Images/AurixeanValignaak.png
C:\Users\joshu\OneDrive\Documents\dnd\00 - Campaigns\Northwatch Wardens - (HomeBrew)\World Building\Campaign Assets\Images\Shinebright.png	c:\Users\joshu\OneDrive\Documents\dnd\00 - Campaigns\Northwatch Wardens - (HomeBrew)\World Building\Regions\Northreach\Northreach_Journal_and_Lore.md	../../Campaign%20Assets/Images/Shinebright.png
C:\Users\joshu\OneDrive\Documents\dnd\00 - Campaigns\Northwatch Wardens - (HomeBrew)\World Building\Campaign Assets\Images\BalethCindermoon.png	c:\Users\joshu\OneDrive\Documents\dnd\00 - Campaigns\Northwatch Wardens - (HomeBrew)\World Building\Regions\Northreach\Northreach_Journal_and_Lore.md	../../Campaign%20Assets/Images/BalethCindermoon.png
C:\Users\joshu\OneDrive\Documents\dnd\00 - Campaigns\Northwatch Wardens - (HomeBrew)\World Building\Campaign Assets\Images\FatherJohanMerriksonn.jpg	c:\Users\joshu\OneDrive\Documents\dnd\00 - Campaigns\Northwatch Wardens - (HomeBrew)\World Building\Regions\Northreach\Northreach_Journal_and_Lore.md	../../Campaign%20Assets/Images/FatherJohanMerriksonn.jpg
C:\Users\joshu\OneDrive\Documents\dnd\00 - Campaigns\Northwatch Wardens - (HomeBrew)\World Building\Campaign Assets\Images\WillenFeatherock.jpg	c:\Users\joshu\OneDrive\Documents\dnd\00 - Campaigns\Northwatch Wardens - (HomeBrew)\World Building\Regions\Northreach\Northreach_Journal_and_Lore.md	../../Campaign%20Assets/Images/WillenFeatherock.jpg
C:\Users\joshu\OneDrive\Documents\dnd\00 - Campaigns\Northwatch Wardens - (HomeBrew)\World Building\Campaign Assets\Images\FlyntWymblen.jpg	c:\Users\joshu\OneDrive\Documents\dnd\00 - Campaigns\Northwatch Wardens - (HomeBrew)\World Building\Regions\Northreach\Northreach_Journal_and_Lore.md	../../Campaign%20Assets/Images/FlyntWymblen.jpg
C:\Users\joshu\OneDrive\Documents\dnd\00 - Campaigns\Northwatch Wardens - (HomeBrew)\World Building\Campaign Assets\Images\JoelAndersmith.png	c:\Users\joshu\OneDrive\Documents\dnd\00 - Campaigns\Northwatch Wardens - (HomeBrew)\World Building\Regions\Northreach\Northreach_Journal_and_Lore.md	../../Campaign%20Assets/Images/JoelAndersmith.png
C:\Users\joshu\OneDrive\Documents\dnd\00 - Campaigns\Northwatch Wardens - (HomeBrew)\World Building\Campaign Assets\NW2.png	c:\Users\joshu\OneDrive\Documents\dnd\00 - Campaigns\Northwatch Wardens - (HomeBrew)\World Building\Regions\Northreach\Northreach_Setting_Primer.md	../../Campaign%20Assets/NW2.png
C:\Users\joshu\OneDrive\Documents\dnd\00 - Campaigns\Northwatch Wardens - (HomeBrew)\Season 1\Campaign Assets\Images\MarshalBrennaThorne.jpg	c:\Users\joshu\OneDrive\Documents\dnd\00 - Campaigns\Northwatch Wardens - (HomeBrew)\Season 1\DM_Resources\DM Guild Roster.md	../Campaign%20Assets/Images/MarshalBrennaThorne.jpg
C:\Users\joshu\OneDrive\Documents\dnd\00 - Campaigns\Northwatch Wardens - (HomeBrew)\Season 1\Campaign Assets\Images\MarshalBrennaThorne.jpg	c:\Users\joshu\OneDrive\Documents\dnd\00 - Campaigns\Northwatch Wardens - (HomeBrew)\Season 1\DM_Resources\NPC Roster — By Location & Adventure (DM).md	../Campaign%20Assets/Images/MarshalBrennaThorne.jpg
C:\Users\joshu\OneDrive\Documents\dnd\00 - Campaigns\Northwatch Wardens - (HomeBrew)\Season 1\Campaign Assets\Images\MarshalBrennaThorne.jpg	c:\Users\joshu\OneDrive\Documents\dnd\00 - Campaigns\Northwatch Wardens - (HomeBrew)\Season 1\DM_Resources\NPC Roster — By Location & Adventure (DM).md	../Campaign%20Assets/Images/MarshalBrennaThorne.jpg
C:\Users\joshu\OneDrive\Documents\dnd\00 - Campaigns\Northwatch Wardens - (HomeBrew)\Season 1\Campaign Assets\Images\StewardMaraFenwick.jpg	c:\Users\joshu\OneDrive\Documents\dnd\00 - Campaigns\Northwatch Wardens - (HomeBrew)\Season 1\DM_Resources\DM Guild Roster.md	../Campaign%20Assets/Images/StewardMaraFenwick.jpg
C:\Users\joshu\OneDrive\Documents\dnd\00 - Campaigns\Northwatch Wardens - (HomeBrew)\Season 1\Campaign Assets\Images\StewardMaraFenwick.jpg	c:\Users\joshu\OneDrive\Documents\dnd\00 - Campaigns\Northwatch Wardens - (HomeBrew)\Season 1\DM_Resources\NPC Roster — By Location & Adventure (DM).md	../Campaign%20Assets/Images/StewardMaraFenwick.jpg
C:\Users\joshu\OneDrive\Documents\dnd\00 - Campaigns\Northwatch Wardens - (HomeBrew)\Season 1\Campaign Assets\Images\StewardMaraFenwick.jpg	c:\Users\joshu\OneDrive\Documents\dnd\00 - Campaigns\Northwatch Wardens - (HomeBrew)\Season 1\DM_Resources\NPC Roster — By Location & Adventure (DM).md	../Campaign%20Assets/Images/StewardMaraFenwick.jpg
C:\Users\joshu\OneDrive\Documents\dnd\00 - Campaigns\Northwatch Wardens - (HomeBrew)\Season 1\Campaign Assets\Images\LorewardenElricVael.jpg	c:\Users\joshu\OneDrive\Documents\dnd\00 - Campaigns\Northwatch Wardens - (HomeBrew)\Season 1\DM_Resources\DM Guild Roster.md	../Campaign%20Assets/Images/LorewardenElricVael.jpg
C:\Users\joshu\OneDrive\Documents\dnd\00 - Campaigns\Northwatch Wardens - (HomeBrew)\Season 1\Campaign Assets\Images\LorewardenElricVael.jpg	c:\Users\joshu\OneDrive\Documents\dnd\00 - Campaigns\Northwatch Wardens - (HomeBrew)\Season 1\DM_Resources\NPC Roster — By Location & Adventure (DM).md	../Campaign%20Assets/Images/LorewardenElricVael.jpg
C:\Users\joshu\OneDrive\Documents\dnd\00 - Campaigns\Northwatch Wardens - (HomeBrew)\Season 1\Campaign Assets\Images\LorewardenElricVael.jpg	c:\Users\joshu\OneDrive\Documents\dnd\00 - Campaigns\Northwatch Wardens - (HomeBrew)\Season 1\DM_Resources\NPC Roster — By Location & Adventure (DM).md	../Campaign%20Assets/Images/LorewardenElricVael.jpg
C:\Users\joshu\OneDrive\Documents\dnd\00 - Campaigns\Northwatch Wardens - (HomeBrew)\Season 1\Campaign Assets\Images\Corel.jpg	c:\Users\joshu\OneDrive\Documents\dnd\00 - Campaigns\Northwatch Wardens - (HomeBrew)\Season 1\DM_Resources\DM Guild Roster.md	../Campaign%20Assets/Images/Corel.jpg
C:\Users\joshu\OneDrive\Documents\dnd\00 - Campaigns\Northwatch Wardens - (HomeBrew)\Season 1\Campaign Assets\Images\Corel.jpg	c:\Users\joshu\OneDrive\Documents\dnd\00 - Campaigns\Northwatch Wardens - (HomeBrew)\Season 1\DM_Resources\NPC Roster — By Location & Adventure (DM).md	../Campaign%20Assets/Images/Corel.jpg
C:\Users\joshu\OneDrive\Documents\dnd\00 - Campaigns\Northwatch Wardens - (HomeBrew)\Season 1\Campaign Assets\Images\Corel.jpg	c:\Users\joshu\OneDrive\Documents\dnd\00 - Campaigns\Northwatch Wardens - (HomeBrew)\Season 1\DM_Resources\NPC Roster — By Location & Adventure (DM).md	../Campaign%20Assets/Images/Corel.jpg
C:\Users\joshu\OneDrive\Documents\dnd\00 - Campaigns\Northwatch Wardens - (HomeBrew)\Season 1\Campaign Assets\Images\BordelBarleywind.png	c:\Users\joshu\OneDrive\Documents\dnd\00 - Campaigns\Northwatch Wardens - (HomeBrew)\Season 1\DM_Resources\DM Guild Roster.md	../Campaign%20Assets/Images/BordelBarleywind.png
C:\Users\joshu\OneDrive\Documents\dnd\00 - Campaigns\Northwatch Wardens - (HomeBrew)\Season 1\Campaign Assets\Images\BordelBarleywind.png	c:\Users\joshu\OneDrive\Documents\dnd\00 - Campaigns\Northwatch Wardens - (HomeBrew)\Season 1\DM_Resources\NPC Roster — By Location & Adventure (DM).md	../Campaign%20Assets/Images/BordelBarleywind.png
C:\Users\joshu\OneDrive\Documents\dnd\00 - Campaigns\Northwatch Wardens - (HomeBrew)\Season 1\Campaign Assets\Images\BordelBarleywind.png	c:\Users\joshu\OneDrive\Documents\dnd\00 - Campaigns\Northwatch Wardens - (HomeBrew)\Season 1\DM_Resources\NPC Roster — By Location & Adventure (DM).md	../Campaign%20Assets/Images/BordelBarleywind.png
C:\Users\joshu\OneDrive\Documents\dnd\00 - Campaigns\Northwatch Wardens - (HomeBrew)\Season 1\Campaign Assets\Images\RowanFairweather.png	c:\Users\joshu\OneDrive\Documents\dnd\00 - Campaigns\Northwatch Wardens - (HomeBrew)\Season 1\DM_Resources\DM Guild Roster.md	../Campaign%20Assets/Images/RowanFairweather.png
C:\Users\joshu\OneDrive\Documents\dnd\00 - Campaigns\Northwatch Wardens - (HomeBrew)\Season 1\Campaign Assets\Images\RowanFairweather.png	c:\Users\joshu\OneDrive\Documents\dnd\00 - Campaigns\Northwatch Wardens - (HomeBrew)\Season 1\DM_Resources\NPC Roster — By Location & Adventure (DM).md	../Campaign%20Assets/Images/RowanFairweather.png
C:\Users\joshu\OneDrive\Documents\dnd\00 - Campaigns\Northwatch Wardens - (HomeBrew)\Season 1\Campaign Assets\Images\RowanFairweather.png	c:\Users\joshu\OneDrive\Documents\dnd\00 - Campaigns\Northwatch Wardens - (HomeBrew)\Season 1\DM_Resources\NPC Roster — By Location & Adventure (DM).md	../Campaign%20Assets/Images/RowanFairweather.png
C:\Users\joshu\OneDrive\Documents\dnd\00 - Campaigns\Northwatch Wardens - (HomeBrew)\Season 1\Campaign Assets\Images\MilaTeno.png	c:\Users\joshu\OneDrive\Documents\dnd\00 - Campaigns\Northwatch Wardens - (HomeBrew)\Season 1\DM_Resources\DM Guild Roster.md	../Campaign%20Assets/Images/MilaTeno.png
C:\Users\joshu\OneDrive\Documents\dnd\00 - Campaigns\Northwatch Wardens - (HomeBrew)\Season 1\Campaign Assets\Images\MilaTeno.png	c:\Users\joshu\OneDrive\Documents\dnd\00 - Campaigns\Northwatch Wardens - (HomeBrew)\Season 1\DM_Resources\NPC Roster — By Location & Adventure (DM).md	../Campaign%20Assets/Images/MilaTeno.png
C:\Users\joshu\OneDrive\Documents\dnd\00 - Campaigns\Northwatch Wardens - (HomeBrew)\Season 1\Campaign Assets\Images\MilaTeno.png	c:\Users\joshu\OneDrive\Documents\dnd\00 - Campaigns\Northwatch Wardens - (HomeBrew)\Season 1\DM_Resources\NPC Roster — By Location & Adventure (DM).md	../Campaign%20Assets/Images/MilaTeno.png
C:\Users\joshu\OneDrive\Documents\dnd\00 - Campaigns\Northwatch Wardens - (HomeBrew)\Season 1\Campaign Assets\Images\TakkOaksplitter.png	c:\Users\joshu\OneDrive\Documents\dnd\00 - Campaigns\Northwatch Wardens - (HomeBrew)\Season 1\DM_Resources\DM Guild Roster.md	../Campaign%20Assets/Images/TakkOaksplitter.png
C:\Users\joshu\OneDrive\Documents\dnd\00 - Campaigns\Northwatch Wardens - (HomeBrew)\Season 1\Campaign Assets\Images\TakkOaksplitter.png	c:\Users\joshu\OneDrive\Documents\dnd\00 - Campaigns\Northwatch Wardens - (HomeBrew)\Season 1\DM_Resources\NPC Roster — By Location & Adventure (DM).md	../Campaign%20Assets/Images/TakkOaksplitter.png
C:\Users\joshu\OneDrive\Documents\dnd\00 - Campaigns\Northwatch Wardens - (HomeBrew)\Season 1\Campaign Assets\Images\TakkOaksplitter.png	c:\Users\joshu\OneDrive\Documents\dnd\00 - Campaigns\Northwatch Wardens - (HomeBrew)\Season 1\DM_Resources\NPC Roster — By Location & Adventure (DM).md	../Campaign%20Assets/Images/TakkOaksplitter.png
C:\Users\joshu\OneDrive\Documents\dnd\00 - Campaigns\Northwatch Wardens - (HomeBrew)\Season 1\Campaign Assets\Images\GalvenaAballon.png	c:\Users\joshu\OneDrive\Documents\dnd\00 - Campaigns\Northwatch Wardens - (HomeBrew)\Season 1\DM_Resources\DM Guild Roster.md	../Campaign%20Assets/Images/GalvenaAballon.png
C:\Users\joshu\OneDrive\Documents\dnd\00 - Campaigns\Northwatch Wardens - (HomeBrew)\Season 1\Campaign Assets\Images\GalvenaAballon.png	c:\Users\joshu\OneDrive\Documents\dnd\00 - Campaigns\Northwatch Wardens - (HomeBrew)\Season 1\DM_Resources\NPC Roster — By Location & Adventure (DM).md	../Campaign%20Assets/Images/GalvenaAballon.png
C:\Users\joshu\OneDrive\Documents\dnd\00 - Campaigns\Northwatch Wardens - (HomeBrew)\Season 1\Campaign Assets\Images\GalvenaAballon.png	c:\Users\joshu\OneDrive\Documents\dnd\00 - Campaigns\Northwatch Wardens - (HomeBrew)\Season 1\DM_Resources\NPC Roster — By Location & Adventure (DM).md	../Campaign%20Assets/Images/GalvenaAballon.png
C:\Users\joshu\OneDrive\Documents\dnd\00 - Campaigns\Northwatch Wardens - (HomeBrew)\Season 1\Campaign Assets\Images\AriodhHighwhirl.png	c:\Users\joshu\OneDrive\Documents\dnd\00 - Campaigns\Northwatch Wardens - (HomeBrew)\Season 1\DM_Resources\DM Guild Roster.md	../Campaign%20Assets/Images/AriodhHighwhirl.png
C:\Users\joshu\OneDrive\Documents\dnd\00 - Campaigns\Northwatch Wardens - (HomeBrew)\Season 1\Campaign Assets\Images\AriodhHighwhirl.png	c:\Users\joshu\OneDrive\Documents\dnd\00 - Campaigns\Northwatch Wardens - (HomeBrew)\Season 1\DM_Resources\NPC Roster — By Location & Adventure (DM).md	../Campaign%20Assets/Images/AriodhHighwhirl.png
C:\Users\joshu\OneDrive\Documents\dnd\00 - Campaigns\Northwatch Wardens - (HomeBrew)\Season 1\Campaign Assets\Images\AriodhHighwhirl.png	c:\Users\joshu\OneDrive\Documents\dnd\00 - Campaigns\Northwatch Wardens - (HomeBrew)\Season 1\DM_Resources\NPC Roster — By Location & Adventure (DM).md	../Campaign%20Assets/Images/AriodhHighwhirl.png
C:\Users\joshu\OneDrive\Documents\dnd\00 - Campaigns\Northwatch Wardens - (HomeBrew)\Season 1\Campaign Assets\Images\Guz.png	c:\Users\joshu\OneDrive\Documents\dnd\00 - Campaigns\Northwatch Wardens - (HomeBrew)\Season 1\DM_Resources\DM Guild Roster.md	../Campaign%20Assets/Images/Guz.png
C:\Users\joshu\OneDrive\Documents\dnd\00 - Campaigns\Northwatch Wardens - (HomeBrew)\Season 1\Campaign Assets\Images\Guz.png	c:\Users\joshu\OneDrive\Documents\dnd\00 - Campaigns\Northwatch Wardens - (HomeBrew)\Season 1\DM_Resources\NPC Roster — By Location & Adventure (DM).md	../Campaign%20Assets/Images/Guz.png
C:\Users\joshu\OneDrive\Documents\dnd\00 - Campaigns\Northwatch Wardens - (HomeBrew)\Season 1\Campaign Assets\Images\Guz.png	c:\Users\joshu\OneDrive\Documents\dnd\00 - Campaigns\Northwatch Wardens - (HomeBrew)\Season 1\DM_Resources\NPC Roster — By Location & Adventure (DM).md	../Campaign%20Assets/Images/Guz.png
C:\Users\joshu\OneDrive\Documents\dnd\00 - Campaigns\Northwatch Wardens - (HomeBrew)\Season 1\Campaign Assets\Images\Guz.png	c:\Users\joshu\OneDrive\Documents\dnd\00 - Campaigns\Northwatch Wardens - (HomeBrew)\Season 1\DM_Resources\NPC Roster — By Location & Adventure (DM).md	../Campaign%20Assets/Images/Guz.png
C:\Users\joshu\OneDrive\Documents\dnd\00 - Campaigns\Northwatch Wardens - (HomeBrew)\Season 1\Campaign Assets\Images\SeraGelanadel.png	c:\Users\joshu\OneDrive\Documents\dnd\00 - Campaigns\Northwatch Wardens - (HomeBrew)\Season 1\DM_Resources\DM Guild Roster.md	../Campaign%20Assets/Images/SeraGelanadel.png
C:\Users\joshu\OneDrive\Documents\dnd\00 - Campaigns\Northwatch Wardens - (HomeBrew)\Season 1\Campaign Assets\Images\SeraGelanadel.png	c:\Users\joshu\OneDrive\Documents\dnd\00 - Campaigns\Northwatch Wardens - (HomeBrew)\Season 1\DM_Resources\NPC Roster — By Location & Adventure (DM).md	../Campaign%20Assets/Images/SeraGelanadel.png
C:\Users\joshu\OneDrive\Documents\dnd\00 - Campaigns\Northwatch Wardens - (HomeBrew)\Season 1\Campaign Assets\Images\SeraGelanadel.png	c:\Users\joshu\OneDrive\Documents\dnd\00 - Campaigns\Northwatch Wardens - (HomeBrew)\Season 1\DM_Resources\NPC Roster — By Location & Adventure (DM).md	../Campaign%20Assets/Images/SeraGelanadel.png
C:\Users\joshu\OneDrive\Documents\dnd\00 - Campaigns\Northwatch Wardens - (HomeBrew)\Season 1\Campaign Assets\Images\SeraGelanadel.png	c:\Users\joshu\OneDrive\Documents\dnd\00 - Campaigns\Northwatch Wardens - (HomeBrew)\Season 1\DM_Resources\NPC Roster — By Location & Adventure (DM).md	../Campaign%20Assets/Images/SeraGelanadel.png
C:\Users\joshu\OneDrive\Documents\dnd\00 - Campaigns\Northwatch Wardens - (HomeBrew)\Season 1\Campaign Assets\Images\AurixeanValignaak.png	c:\Users\joshu\OneDrive\Documents\dnd\00 - Campaigns\Northwatch Wardens - (HomeBrew)\Season 1\DM_Resources\DM Guild Roster.md	../Campaign%20Assets/Images/AurixeanValignaak.png
C:\Users\joshu\OneDrive\Documents\dnd\00 - Campaigns\Northwatch Wardens - (HomeBrew)\Season 1\Campaign Assets\Images\AurixeanValignaak.png	c:\Users\joshu\OneDrive\Documents\dnd\00 - Campaigns\Northwatch Wardens - (HomeBrew)\Season 1\DM_Resources\NPC Roster — By Location & Adventure (DM).md	../Campaign%20Assets/Images/AurixeanValignaak.png
C:\Users\joshu\OneDrive\Documents\dnd\00 - Campaigns\Northwatch Wardens - (HomeBrew)\Season 1\Campaign Assets\Images\AurixeanValignaak.png	c:\Users\joshu\OneDrive\Documents\dnd\00 - Campaigns\Northwatch Wardens - (HomeBrew)\Season 1\DM_Resources\NPC Roster — By Location & Adventure (DM).md	../Campaign%20Assets/Images/AurixeanValignaak.png
C:\Users\joshu\OneDrive\Documents\dnd\00 - Campaigns\Northwatch Wardens - (HomeBrew)\Season 1\Campaign Assets\Images\Shinebright.png	c:\Users\joshu\OneDrive\Documents\dnd\00 - Campaigns\Northwatch Wardens - (HomeBrew)\Season 1\DM_Resources\DM Guild Roster.md	../Campaign%20Assets/Images/Shinebright.png
C:\Users\joshu\OneDrive\Documents\dnd\00 - Campaigns\Northwatch Wardens - (HomeBrew)\Season 1\Campaign Assets\Images\Shinebright.png	c:\Users\joshu\OneDrive\Documents\dnd\00 - Campaigns\Northwatch Wardens - (HomeBrew)\Season 1\DM_Resources\NPC Roster — By Location & Adventure (DM).md	../Campaign%20Assets/Images/Shinebright.png
C:\Users\joshu\OneDrive\Documents\dnd\00 - Campaigns\Northwatch Wardens - (HomeBrew)\Season 1\Campaign Assets\Images\Shinebright.png	c:\Users\joshu\OneDrive\Documents\dnd\00 - Campaigns\Northwatch Wardens - (HomeBrew)\Season 1\DM_Resources\NPC Roster — By Location & Adventure (DM).md	../Campaign%20Assets/Images/Shinebright.png
C:\Users\joshu\OneDrive\Documents\dnd\00 - Campaigns\Northwatch Wardens - (HomeBrew)\Season 1\Campaign Assets\Images\BalethCindermoon.png	c:\Users\joshu\OneDrive\Documents\dnd\00 - Campaigns\Northwatch Wardens - (HomeBrew)\Season 1\DM_Resources\DM Guild Roster.md	../Campaign%20Assets/Images/BalethCindermoon.png
C:\Users\joshu\OneDrive\Documents\dnd\00 - Campaigns\Northwatch Wardens - (HomeBrew)\Season 1\Campaign Assets\Images\BalethCindermoon.png	c:\Users\joshu\OneDrive\Documents\dnd\00 - Campaigns\Northwatch Wardens - (HomeBrew)\Season 1\DM_Resources\NPC Roster — By Location & Adventure (DM).md	../Campaign%20Assets/Images/BalethCindermoon.png
C:\Users\joshu\OneDrive\Documents\dnd\00 - Campaigns\Northwatch Wardens - (HomeBrew)\Season 1\Campaign Assets\Images\FatherJohanMerriksonn.jpg	c:\Users\joshu\OneDrive\Documents\dnd\00 - Campaigns\Northwatch Wardens - (HomeBrew)\Season 1\DM_Resources\DM Guild Roster.md	../Campaign%20Assets/Images/FatherJohanMerriksonn.jpg
C:\Users\joshu\OneDrive\Documents\dnd\00 - Campaigns\Northwatch Wardens - (HomeBrew)\Season 1\Campaign Assets\Images\FatherJohanMerriksonn.jpg	c:\Users\joshu\OneDrive\Documents\dnd\00 - Campaigns\Northwatch Wardens - (HomeBrew)\Season 1\DM_Resources\NPC Roster — By Location & Adventure (DM).md	../Campaign%20Assets/Images/FatherJohanMerriksonn.jpg
C:\Users\joshu\OneDrive\Documents\dnd\00 - Campaigns\Northwatch Wardens - (HomeBrew)\Season 1\Campaign Assets\Images\FatherJohanMerriksonn.jpg	c:\Users\joshu\OneDrive\Documents\dnd\00 - Campaigns\Northwatch Wardens - (HomeBrew)\Season 1\DM_Resources\NPC Roster — By Location & Adventure (DM).md	../Campaign%20Assets/Images/FatherJohanMerriksonn.jpg
C:\Users\joshu\OneDrive\Documents\dnd\00 - Campaigns\Northwatch Wardens - (HomeBrew)\Season 1\Campaign Assets\Images\WillenFeatherock.jpg	c:\Users\joshu\OneDrive\Documents\dnd\00 - Campaigns\Northwatch Wardens - (HomeBrew)\Season 1\DM_Resources\DM Guild Roster.md	../Campaign%20Assets/Images/WillenFeatherock.jpg
C:\Users\joshu\OneDrive\Documents\dnd\00 - Campaigns\Northwatch Wardens - (HomeBrew)\Season 1\Campaign Assets\Images\WillenFeatherock.jpg	c:\Users\joshu\OneDrive\Documents\dnd\00 - Campaigns\Northwatch Wardens - (HomeBrew)\Season 1\DM_Resources\NPC Roster — By Location & Adventure (DM).md	../Campaign%20Assets/Images/WillenFeatherock.jpg
C:\Users\joshu\OneDrive\Documents\dnd\00 - Campaigns\Northwatch Wardens - (HomeBrew)\Season 1\Campaign Assets\Images\WillenFeatherock.jpg	c:\Users\joshu\OneDrive\Documents\dnd\00 - Campaigns\Northwatch Wardens - (HomeBrew)\Season 1\DM_Resources\NPC Roster — By Location & Adventure (DM).md	../Campaign%20Assets/Images/WillenFeatherock.jpg
C:\Users\joshu\OneDrive\Documents\dnd\00 - Campaigns\Northwatch Wardens - (HomeBrew)\Season 1\Campaign Assets\Images\FlyntWymblen.jpg	c:\Users\joshu\OneDrive\Documents\dnd\00 - Campaigns\Northwatch Wardens - (HomeBrew)\Season 1\DM_Resources\DM Guild Roster.md	../Campaign%20Assets/Images/FlyntWymblen.jpg
C:\Users\joshu\OneDrive\Documents\dnd\00 - Campaigns\Northwatch Wardens - (HomeBrew)\Season 1\Campaign Assets\Images\FlyntWymblen.jpg	c:\Users\joshu\OneDrive\Documents\dnd\00 - Campaigns\Northwatch Wardens - (HomeBrew)\Season 1\DM_Resources\NPC Roster — By Location & Adventure (DM).md	../Campaign%20Assets/Images/FlyntWymblen.jpg
C:\Users\joshu\OneDrive\Documents\dnd\00 - Campaigns\Northwatch Wardens - (HomeBrew)\Season 1\Campaign Assets\Images\FlyntWymblen.jpg	c:\Users\joshu\OneDrive\Documents\dnd\00 - Campaigns\Northwatch Wardens - (HomeBrew)\Season 1\DM_Resources\NPC Roster — By Location & Adventure (DM).md	../Campaign%20Assets/Images/FlyntWymblen.jpg
C:\Users\joshu\OneDrive\Documents\dnd\00 - Campaigns\Northwatch Wardens - (HomeBrew)\Season 1\Campaign Assets\Images\JoelAndersmith.png	c:\Users\joshu\OneDrive\Documents\dnd\00 - Campaigns\Northwatch Wardens - (HomeBrew)\Season 1\DM_Resources\DM Guild Roster.md	../Campaign%20Assets/Images/JoelAndersmith.png
C:\Users\joshu\OneDrive\Documents\dnd\00 - Campaigns\Northwatch Wardens - (HomeBrew)\Season 1\Campaign Assets\Images\JoelAndersmith.png	c:\Users\joshu\OneDrive\Documents\dnd\00 - Campaigns\Northwatch Wardens - (HomeBrew)\Season 1\DM_Resources\NPC Roster — By Location & Adventure (DM).md	../Campaign%20Assets/Images/JoelAndersmith.png
C:\Users\joshu\OneDrive\Documents\dnd\00 - Campaigns\Northwatch Wardens - (HomeBrew)\Season 1\Campaign Assets\Images\JoelAndersmith.png	c:\Users\joshu\OneDrive\Documents\dnd\00 - Campaigns\Northwatch Wardens - (HomeBrew)\Season 1\DM_Resources\NPC Roster — By Location & Adventure (DM).md	../Campaign%20Assets/Images/JoelAndersmith.png
C:\Users\joshu\OneDrive\Documents\dnd\00 - Campaigns\Northwatch Wardens - (HomeBrew)\Season 1\Campaign Assets\Images\Bolt.jpg	c:\Users\joshu\OneDrive\Documents\dnd\00 - Campaigns\Northwatch Wardens - (HomeBrew)\Season 1\DM_Resources\DM Guild Roster.md	../Campaign%20Assets/Images/Bolt.jpg
C:\Users\joshu\OneDrive\Documents\dnd\00 - Campaigns\Northwatch Wardens - (HomeBrew)\Season 1\Campaign Assets\Images\Bolt.jpg	c:\Users\joshu\OneDrive\Documents\dnd\00 - Campaigns\Northwatch Wardens - (HomeBrew)\Season 1\DM_Resources\NPC Roster — By Location & Adventure (DM).md	../Campaign%20Assets/Images/Bolt.jpg
C:\Users\joshu\OneDrive\Documents\dnd\00 - Campaigns\Northwatch Wardens - (HomeBrew)\Season 1\Campaign Assets\Images\Bolt.jpg	c:\Users\joshu\OneDrive\Documents\dnd\00 - Campaigns\Northwatch Wardens - (HomeBrew)\Season 1\DM_Resources\NPC Roster — By Location & Adventure (DM).md	../Campaign%20Assets/Images/Bolt.jpg
C:\Users\joshu\OneDrive\Documents\dnd\00 - Campaigns\Northwatch Wardens - (HomeBrew)\Season 1\Campaign Assets\Images\Flame.jpg	c:\Users\joshu\OneDrive\Documents\dnd\00 - Campaigns\Northwatch Wardens - (HomeBrew)\Season 1\DM_Resources\DM Guild Roster.md	../Campaign%20Assets/Images/Flame.jpg
C:\Users\joshu\OneDrive\Documents\dnd\00 - Campaigns\Northwatch Wardens - (HomeBrew)\Season 1\Campaign Assets\Images\Flame.jpg	c:\Users\joshu\OneDrive\Documents\dnd\00 - Campaigns\Northwatch Wardens - (HomeBrew)\Season 1\DM_Resources\NPC Roster — By Location & Adventure (DM).md	../Campaign%20Assets/Images/Flame.jpg
C:\Users\joshu\OneDrive\Documents\dnd\00 - Campaigns\Northwatch Wardens - (HomeBrew)\Season 1\Campaign Assets\Images\Flame.jpg	c:\Users\joshu\OneDrive\Documents\dnd\00 - Campaigns\Northwatch Wardens - (HomeBrew)\Season 1\DM_Resources\NPC Roster — By Location & Adventure (DM).md	../Campaign%20Assets/Images/Flame.jpg
C:\Users\joshu\OneDrive\Documents\dnd\00 - Campaigns\Northwatch Wardens - (HomeBrew)\Season 1\Campaign Assets\Images\WaystoneWolf.png	c:\Users\joshu\OneDrive\Documents\dnd\00 - Campaigns\Northwatch Wardens - (HomeBrew)\Season 1\DM_Resources\NPC Roster — By Location & Adventure (DM).md	../Campaign%20Assets/Images/WaystoneWolf.png
C:\Users\joshu\OneDrive\Documents\dnd\00 - Campaigns\Northwatch Wardens - (HomeBrew)\Season 1\Campaign Assets\Images\WaystoneWolf.png	c:\Users\joshu\OneDrive\Documents\dnd\00 - Campaigns\Northwatch Wardens - (HomeBrew)\Season 1\DM_Resources\NPC Roster — By Location & Adventure (DM).md	../Campaign%20Assets/Images/WaystoneWolf.png
C:\Users\joshu\OneDrive\Documents\dnd\00 - Campaigns\Northwatch Wardens - (HomeBrew)\Season 1\Campaign Assets\Images\AlexiMerriksonn.jpg	c:\Users\joshu\OneDrive\Documents\dnd\00 - Campaigns\Northwatch Wardens - (HomeBrew)\Season 1\DM_Resources\NPC Roster — By Location & Adventure (DM).md	../Campaign%20Assets/Images/AlexiMerriksonn.jpg
C:\Users\joshu\OneDrive\Documents\dnd\00 - Campaigns\Northwatch Wardens - (HomeBrew)\Season 1\Campaign Assets\Images\AlexiMerriksonn.jpg	c:\Users\joshu\OneDrive\Documents\dnd\00 - Campaigns\Northwatch Wardens - (HomeBrew)\Season 1\DM_Resources\NPC Roster — By Location & Adventure (DM).md	../Campaign%20Assets/Images/AlexiMerriksonn.jpg
C:\Users\joshu\OneDrive\Documents\dnd\00 - Campaigns\Northwatch Wardens - (HomeBrew)\Season 1\Campaign Assets\Images\TillusMerrion.png	c:\Users\joshu\OneDrive\Documents\dnd\00 - Campaigns\Northwatch Wardens - (HomeBrew)\Season 1\DM_Resources\NPC Roster — By Location & Adventure (DM).md	../Campaign%20Assets/Images/TillusMerrion.png
C:\Users\joshu\OneDrive\Documents\dnd\00 - Campaigns\Northwatch Wardens - (HomeBrew)\Season 1\Campaign Assets\Images\TillusMerrion.png	c:\Users\joshu\OneDrive\Documents\dnd\00 - Campaigns\Northwatch Wardens - (HomeBrew)\Season 1\DM_Resources\NPC Roster — By Location & Adventure (DM).md	../Campaign%20Assets/Images/TillusMerrion.png
C:\Users\joshu\OneDrive\Documents\dnd\00 - Campaigns\Northwatch Wardens - (HomeBrew)\Season 1\Campaign Assets\Images\LeanorSlatebeard.png	c:\Users\joshu\OneDrive\Documents\dnd\00 - Campaigns\Northwatch Wardens - (HomeBrew)\Season 1\DM_Resources\NPC Roster — By Location & Adventure (DM).md	../Campaign%20Assets/Images/LeanorSlatebeard.png
C:\Users\joshu\OneDrive\Documents\dnd\00 - Campaigns\Northwatch Wardens - (HomeBrew)\Season 1\Campaign Assets\Images\LeanorSlatebeard.png	c:\Users\joshu\OneDrive\Documents\dnd\00 - Campaigns\Northwatch Wardens - (HomeBrew)\Season 1\DM_Resources\NPC Roster — By Location & Adventure (DM).md	../Campaign%20Assets/Images/LeanorSlatebeard.png
C:\Users\joshu\OneDrive\Documents\dnd\00 - Campaigns\Northwatch Wardens - (HomeBrew)\Season 1\Campaign Assets\Images\BantethSlatebeard.jpg	c:\Users\joshu\OneDrive\Documents\dnd\00 - Campaigns\Northwatch Wardens - (HomeBrew)\Season 1\DM_Resources\NPC Roster — By Location & Adventure (DM).md	../Campaign%20Assets/Images/BantethSlatebeard.jpg
C:\Users\joshu\OneDrive\Documents\dnd\00 - Campaigns\Northwatch Wardens - (HomeBrew)\Season 1\Campaign Assets\Images\BantethSlatebeard.jpg	c:\Users\joshu\OneDrive\Documents\dnd\00 - Campaigns\Northwatch Wardens - (HomeBrew)\Season 1\DM_Resources\NPC Roster — By Location & Adventure (DM).md	../Campaign%20Assets/Images/BantethSlatebeard.jpg
C:\Users\joshu\OneDrive\Documents\dnd\00 - Campaigns\Northwatch Wardens - (HomeBrew)\Season 1\Campaign Assets\Images\IrvenLiel.jpg	c:\Users\joshu\OneDrive\Documents\dnd\00 - Campaigns\Northwatch Wardens - (HomeBrew)\Season 1\DM_Resources\NPC Roster — By Location & Adventure (DM).md	../Campaign%20Assets/Images/IrvenLiel.jpg
C:\Users\joshu\OneDrive\Documents\dnd\00 - Campaigns\Northwatch Wardens - (HomeBrew)\Season 1\Campaign Assets\Images\IrvenLiel.jpg	c:\Users\joshu\OneDrive\Documents\dnd\00 - Campaigns\Northwatch Wardens - (HomeBrew)\Season 1\DM_Resources\NPC Roster — By Location & Adventure (DM).md	../Campaign%20Assets/Images/IrvenLiel.jpg
C:\Users\joshu\OneDrive\Documents\dnd\00 - Campaigns\Northwatch Wardens - (HomeBrew)\Season 1\Campaign Assets\Images\ArlBortock.jpg	c:\Users\joshu\OneDrive\Documents\dnd\00 - Campaigns\Northwatch Wardens - (HomeBrew)\Season 1\DM_Resources\NPC Roster — By Location & Adventure (DM).md	../Campaign%20Assets/Images/ArlBortock.jpg
C:\Users\joshu\OneDrive\Documents\dnd\00 - Campaigns\Northwatch Wardens - (HomeBrew)\Season 1\Campaign Assets\Images\ArlBortock.jpg	c:\Users\joshu\OneDrive\Documents\dnd\00 - Campaigns\Northwatch Wardens - (HomeBrew)\Season 1\DM_Resources\NPC Roster — By Location & Adventure (DM).md	../Campaign%20Assets/Images/ArlBortock.jpg
C:\Users\joshu\OneDrive\Documents\dnd\00 - Campaigns\Northwatch Wardens - (HomeBrew)\Season 1\Campaign Assets\Images\FentonTethwick.jpg	c:\Users\joshu\OneDrive\Documents\dnd\00 - Campaigns\Northwatch Wardens - (HomeBrew)\Season 1\DM_Resources\NPC Roster — By Location & Adventure (DM).md	../Campaign%20Assets/Images/FentonTethwick.jpg
C:\Users\joshu\OneDrive\Documents\dnd\00 - Campaigns\Northwatch Wardens - (HomeBrew)\Season 1\Campaign Assets\Images\FentonTethwick.jpg	c:\Users\joshu\OneDrive\Documents\dnd\00 - Campaigns\Northwatch Wardens - (HomeBrew)\Season 1\DM_Resources\NPC Roster — By Location & Adventure (DM).md	../Campaign%20Assets/Images/FentonTethwick.jpg
C:\Users\joshu\OneDrive\Documents\dnd\00 - Campaigns\Northwatch Wardens - (HomeBrew)\Season 1\Campaign Assets\Images\CaptainEmmajeenKole.png	c:\Users\joshu\OneDrive\Documents\dnd\00 - Campaigns\Northwatch Wardens - (HomeBrew)\Season 1\DM_Resources\NPC Roster — By Location & Adventure (DM).md	../Campaign%20Assets/Images/CaptainEmmajeenKole.png
C:\Users\joshu\OneDrive\Documents\dnd\00 - Campaigns\Northwatch Wardens - (HomeBrew)\Season 1\Campaign Assets\Images\CaptainEmmajeenKole.png	c:\Users\joshu\OneDrive\Documents\dnd\00 - Campaigns\Northwatch Wardens - (HomeBrew)\Season 1\DM_Resources\NPC Roster — By Location & Adventure (DM).md	../Campaign%20Assets/Images/CaptainEmmajeenKole.png
C:\Users\joshu\OneDrive\Documents\dnd\00 - Campaigns\Northwatch Wardens - (HomeBrew)\Season 1\Campaign Assets\Images\Wyrmling(BabyDragon).png	c:\Users\joshu\OneDrive\Documents\dnd\00 - Campaigns\Northwatch Wardens - (HomeBrew)\Season 1\DM_Resources\NPC Roster — By Location & Adventure (DM).md	../Campaign%20Assets/Images/Wyrmling(BabyDragon).png
C:\Users\joshu\OneDrive\Documents\dnd\00 - Campaigns\Northwatch Wardens - (HomeBrew)\Season 1\Campaign Assets\Images\Wyrmling(BabyDragon).png	c:\Users\joshu\OneDrive\Documents\dnd\00 - Campaigns\Northwatch Wardens - (HomeBrew)\Season 1\DM_Resources\NPC Roster — By Location & Adventure (DM).md	../Campaign%20Assets/Images/Wyrmling(BabyDragon).png
C:\Users\joshu\OneDrive\Documents\dnd\00 - Campaigns\Northwatch Wardens - (HomeBrew)\Season 1\Campaign Assets\Images\Rorn(SilverDragonMother).png	c:\Users\joshu\OneDrive\Documents\dnd\00 - Campaigns\Northwatch Wardens - (HomeBrew)\Season 1\DM_Resources\NPC Roster — By Location & Adventure (DM).md	../Campaign%20Assets/Images/Rorn(SilverDragonMother).png
C:\Users\joshu\OneDrive\Documents\dnd\00 - Campaigns\Northwatch Wardens - (HomeBrew)\Season 1\Campaign Assets\Images\Rorn(SilverDragonMother).png	c:\Users\joshu\OneDrive\Documents\dnd\00 - Campaigns\Northwatch Wardens - (HomeBrew)\Season 1\DM_Resources\NPC Roster — By Location & Adventure (DM).md	../Campaign%20Assets/Images/Rorn(SilverDragonMother).png
C:\Users\joshu\OneDrive\Documents\dnd\00 - Campaigns\Northwatch Wardens - (HomeBrew)\Season 1\Campaign Assets\Images\ElroAldataur.png	c:\Users\joshu\OneDrive\Documents\dnd\00 - Campaigns\Northwatch Wardens - (HomeBrew)\Season 1\DM_Resources\NPC Roster — By Location & Adventure (DM).md	../Campaign%20Assets/Images/ElroAldataur.png
C:\Users\joshu\OneDrive\Documents\dnd\00 - Campaigns\Northwatch Wardens - (HomeBrew)\Season 1\Campaign Assets\Images\ElroAldataur.png	c:\Users\joshu\OneDrive\Documents\dnd\00 - Campaigns\Northwatch Wardens - (HomeBrew)\Season 1\DM_Resources\NPC Roster — By Location & Adventure (DM).md	../Campaign%20Assets/Images/ElroAldataur.png
C:\Users\joshu\OneDrive\Documents\dnd\00 - Campaigns\Northwatch Wardens - (HomeBrew)\Season 1\Campaign Assets\Images\VerlaPelc.jpg	c:\Users\joshu\OneDrive\Documents\dnd\00 - Campaigns\Northwatch Wardens - (HomeBrew)\Season 1\DM_Resources\NPC Roster — By Location & Adventure (DM).md	../Campaign%20Assets/Images/VerlaPelc.jpg
C:\Users\joshu\OneDrive\Documents\dnd\00 - Campaigns\Northwatch Wardens - (HomeBrew)\Season 1\Campaign Assets\Images\VerlaPelc.jpg	c:\Users\joshu\OneDrive\Documents\dnd\00 - Campaigns\Northwatch Wardens - (HomeBrew)\Season 1\DM_Resources\NPC Roster — By Location & Adventure (DM).md	../Campaign%20Assets/Images/VerlaPelc.jpg
C:\Users\joshu\OneDrive\Documents\dnd\00 - Campaigns\Northwatch Wardens - (HomeBrew)\Season 1\Campaign Assets\Images\UrgonWenth.png	c:\Users\joshu\OneDrive\Documents\dnd\00 - Campaigns\Northwatch Wardens - (HomeBrew)\Season 1\DM_Resources\NPC Roster — By Location & Adventure (DM).md	../Campaign%20Assets/Images/UrgonWenth.png
C:\Users\joshu\OneDrive\Documents\dnd\00 - Campaigns\Northwatch Wardens - (HomeBrew)\Season 1\Campaign Assets\Images\UrgonWenth.png	c:\Users\joshu\OneDrive\Documents\dnd\00 - Campaigns\Northwatch Wardens - (HomeBrew)\Season 1\DM_Resources\NPC Roster — By Location & Adventure (DM).md	../Campaign%20Assets/Images/UrgonWenth.png
C:\Users\joshu\OneDrive\Documents\dnd\00 - Campaigns\Northwatch Wardens - (HomeBrew)\Season 1\Campaign Assets\Images\Guz'sWolf.jpg	c:\Users\joshu\OneDrive\Documents\dnd\00 - Campaigns\Northwatch Wardens - (HomeBrew)\Season 1\DM_Resources\NPC Roster — By Location & Adventure (DM).md	../Campaign%20Assets/Images/Guz'sWolf.jpg
C:\Users\joshu\OneDrive\Documents\dnd\00 - Campaigns\Northwatch Wardens - (HomeBrew)\Season 1\Campaign Assets\Images\Guz'sWolf.jpg	c:\Users\joshu\OneDrive\Documents\dnd\00 - Campaigns\Northwatch Wardens - (HomeBrew)\Season 1\DM_Resources\NPC Roster — By Location & Adventure (DM).md	../Campaign%20Assets/Images/Guz'sWolf.jpg
C:\Users\joshu\OneDrive\Documents\dnd\00 - Campaigns\Northwatch Wardens - (HomeBrew)\Season 1\Campaign Assets\Images\PolymorphedBear.jpg	c:\Users\joshu\OneDrive\Documents\dnd\00 - Campaigns\Northwatch Wardens - (HomeBrew)\Season 1\DM_Resources\NPC Roster — By Location & Adventure (DM).md	../Campaign%20Assets/Images/PolymorphedBear.jpg
C:\Users\joshu\OneDrive\Documents\dnd\00 - Campaigns\Northwatch Wardens - (HomeBrew)\Season 1\Campaign Assets\Images\PolymorphedBear.jpg	c:\Users\joshu\OneDrive\Documents\dnd\00 - Campaigns\Northwatch Wardens - (HomeBrew)\Season 1\DM_Resources\NPC Roster — By Location & Adventure (DM).md	../Campaign%20Assets/Images/PolymorphedBear.jpg
C:\Users\joshu\OneDrive\Documents\dnd\00 - Campaigns\Northwatch Wardens - (HomeBrew)\Season 1\Adventures\Peril_in_Pinebrook_COMPLETE\Peril_in_Pinebrook_COMPLETE_images\image_001.png	c:\Users\joshu\OneDrive\Documents\dnd\00 - Campaigns\Northwatch Wardens - (HomeBrew)\Season 1\Adventures\Peril_in_Pinebrook_COMPLETE\Peril_in_Pinebrook_COMPLETE.md	./Peril_in_Pinebrook_COMPLETE_images/image_001.png
C:\Users\joshu\OneDrive\Documents\dnd\00 - Campaigns\Northwatch Wardens - (HomeBrew)\Season 1\Adventures\Peril_in_Pinebrook_COMPLETE\Peril_in_Pinebrook_COMPLETE_images\image_002.png	c:\Users\joshu\OneDrive\Documents\dnd\00 - Campaigns\Northwatch Wardens - (HomeBrew)\Season 1\Adventures\Peril_in_Pinebrook_COMPLETE\Peril_in_Pinebrook_COMPLETE.md	./Peril_in_Pinebrook_COMPLETE_images/image_002.png
C:\Users\joshu\OneDrive\Documents\dnd\00 - Campaigns\Northwatch Wardens - (HomeBrew)\Season 1\Adventures\Peril_in_Pinebrook_COMPLETE\Peril_in_Pinebrook_COMPLETE_images\image_003.png	c:\Users\joshu\OneDrive\Documents\dnd\00 - Campaigns\Northwatch Wardens - (HomeBrew)\Season 1\Adventures\Peril_in_Pinebrook_COMPLETE\Peril_in_Pinebrook_COMPLETE.md	./Peril_in_Pinebrook_COMPLETE_images/image_003.png
C:\Users\joshu\OneDrive\Documents\dnd\00 - Campaigns\Northwatch Wardens - (HomeBrew)\Season 1\Adventures\Peril_in_Pinebrook_COMPLETE\Peril_in_Pinebrook_COMPLETE_images\image_004.png	c:\Users\joshu\OneDrive\Documents\dnd\00 - Campaigns\Northwatch Wardens - (HomeBrew)\Season 1\Adventures\Peril_in_Pinebrook_COMPLETE\Peril_in_Pinebrook_COMPLETE.md	./Peril_in_Pinebrook_COMPLETE_images/image_004.png
C:\Users\joshu\OneDrive\Documents\dnd\00 - Campaigns\Northwatch Wardens - (HomeBrew)\Season 1\Adventures\Peril_in_Pinebrook_COMPLETE\Peril_in_Pinebrook_COMPLETE_images\image_005.png	c:\Users\joshu\OneDrive\Documents\dnd\00 - Campaigns\Northwatch Wardens - (HomeBrew)\Season 1\Adventures\Peril_in_Pinebrook_COMPLETE\Peril_in_Pinebrook_COMPLETE.md	./Peril_in_Pinebrook_COMPLETE_images/image_005.png
C:\Users\joshu\OneDrive\Documents\dnd\00 - Campaigns\Northwatch Wardens - (HomeBrew)\Season 1\Adventures\Peril_in_Pinebrook_COMPLETE\Peril_in_Pinebrook_COMPLETE_images\image_006.png	c:\Users\joshu\OneDrive\Documents\dnd\00 - Campaigns\Northwatch Wardens - (HomeBrew)\Season 1\Adventures\Peril_in_Pinebrook_COMPLETE\Peril_in_Pinebrook_COMPLETE.md	./Peril_in_Pinebrook_COMPLETE_images/image_006.png
C:\Users\joshu\OneDrive\Documents\dnd\00 - Campaigns\Northwatch Wardens - (HomeBrew)\Season 1\Adventures\Peril_in_Pinebrook_COMPLETE\Peril_in_Pinebrook_COMPLETE_images\image_007.png	c:\Users\joshu\OneDrive\Documents\dnd\00 - Campaigns\Northwatch Wardens - (HomeBrew)\Season 1\Adventures\Peril_in_Pinebrook_COMPLETE\Peril_in_Pinebrook_COMPLETE.md	./Peril_in_Pinebrook_COMPLETE_images/image_007.png
C:\Users\joshu\OneDrive\Documents\dnd\00 - Campaigns\Northwatch Wardens - (HomeBrew)\Season 1\Adventures\Peril_in_Pinebrook_COMPLETE\Peril_in_Pinebrook_COMPLETE_images\image_008.png	c:\Users\joshu\OneDrive\Documents\dnd\00 - Campaigns\Northwatch Wardens - (HomeBrew)\Season 1\Adventures\Peril_in_Pinebrook_COMPLETE\Peril_in_Pinebrook_COMPLETE.md	./Peril_in_Pinebrook_COMPLETE_images/image_008.png
C:\Users\joshu\OneDrive\Documents\dnd\00 - Campaigns\Northwatch Wardens - (HomeBrew)\Season 1\Adventures\Peril_in_Pinebrook_COMPLETE\Peril_in_Pinebrook_COMPLETE_images\image_009.png	c:\Users\joshu\OneDrive\Documents\dnd\00 - Campaigns\Northwatch Wardens - (HomeBrew)\Season 1\Adventures\Peril_in_Pinebrook_COMPLETE\Peril_in_Pinebrook_COMPLETE.md	./Peril_in_Pinebrook_COMPLETE_images/image_009.png
C:\Users\joshu\OneDrive\Documents\dnd\00 - Campaigns\Northwatch Wardens - (HomeBrew)\Season 1\Adventures\Peril_in_Pinebrook_COMPLETE\Peril_in_Pinebrook_COMPLETE_images\image_010.png	c:\Users\joshu\OneDrive\Documents\dnd\00 - Campaigns\Northwatch Wardens - (HomeBrew)\Season 1\Adventures\Peril_in_Pinebrook_COMPLETE\Peril_in_Pinebrook_COMPLETE.md	./Peril_in_Pinebrook_COMPLETE_images/image_010.png
C:\Users\joshu\OneDrive\Documents\dnd\00 - Campaigns\Northwatch Wardens - (HomeBrew)\Season 1\Adventures\Peril_in_Pinebrook_COMPLETE\Peril_in_Pinebrook_COMPLETE_images\image_011.png	c:\Users\joshu\OneDrive\Documents\dnd\00 - Campaigns\Northwatch Wardens - (HomeBrew)\Season 1\Adventures\Peril_in_Pinebrook_COMPLETE\Peril_in_Pinebrook_COMPLETE.md	./Peril_in_Pinebrook_COMPLETE_images/image_011.png
C:\Users\joshu\OneDrive\Documents\dnd\00 - Campaigns\Northwatch Wardens - (HomeBrew)\Season 1\Adventures\Peril_in_Pinebrook_COMPLETE\Peril_in_Pinebrook_COMPLETE_images\image_012.png	c:\Users\joshu\OneDrive\Documents\dnd\00 - Campaigns\Northwatch Wardens - (HomeBrew)\Season 1\Adventures\Peril_in_Pinebrook_COMPLETE\Peril_in_Pinebrook_COMPLETE.md	./Peril_in_Pinebrook_COMPLETE_images/image_012.png
C:\Users\joshu\OneDrive\Documents\dnd\00 - Campaigns\Northwatch Wardens - (HomeBrew)\Season 1\Adventures\Peril_in_Pinebrook_COMPLETE\Peril_in_Pinebrook_COMPLETE_images\image_013.png	c:\Users\joshu\OneDrive\Documents\dnd\00 - Campaigns\Northwatch Wardens - (HomeBrew)\Season 1\Adventures\Peril_in_Pinebrook_COMPLETE\Peril_in_Pinebrook_COMPLETE.md	./Peril_in_Pinebrook_COMPLETE_images/image_013.png
C:\Users\joshu\OneDrive\Documents\dnd\00 - Campaigns\Northwatch Wardens - (HomeBrew)\Season 1\Adventures\Peril_in_Pinebrook_COMPLETE\Peril_in_Pinebrook_COMPLETE_images\image_014.png	c:\Users\joshu\OneDrive\Documents\dnd\00 - Campaigns\Northwatch Wardens - (HomeBrew)\Season 1\Adventures\Peril_in_Pinebrook_COMPLETE\Peril_in_Pinebrook_COMPLETE.md	./Peril_in_Pinebrook_COMPLETE_images/image_014.png
C:\Users\joshu\OneDrive\Documents\dnd\00 - Campaigns\Northwatch Wardens - (HomeBrew)\Season 1\Adventures\Peril_in_Pinebrook_COMPLETE\Peril_in_Pinebrook_COMPLETE_images\image_015.png	c:\Users\joshu\OneDrive\Documents\dnd\00 - Campaigns\Northwatch Wardens - (HomeBrew)\Season 1\Adventures\Peril_in_Pinebrook_COMPLETE\Peril_in_Pinebrook_COMPLETE.md	./Peril_in_Pinebrook_COMPLETE_images/image_015.png
C:\Users\joshu\OneDrive\Documents\dnd\00 - Campaigns\Northwatch Wardens - (HomeBrew)\Season 1\Adventures\Peril_in_Pinebrook_COMPLETE\Peril_in_Pinebrook_COMPLETE_images\image_016.png	c:\Users\joshu\OneDrive\Documents\dnd\00 - Campaigns\Northwatch Wardens - (HomeBrew)\Season 1\Adventures\Peril_in_Pinebrook_COMPLETE\Peril_in_Pinebrook_COMPLETE.md	./Peril_in_Pinebrook_COMPLETE_images/image_016.png
C:\Users\joshu\OneDrive\Documents\dnd\00 - Campaigns\Northwatch Wardens - (HomeBrew)\Season 1\Adventures\Peril_in_Pinebrook_COMPLETE\Peril_in_Pinebrook_COMPLETE_images\image_017.png	c:\Users\joshu\OneDrive\Documents\dnd\00 - Campaigns\Northwatch Wardens - (HomeBrew)\Season 1\Adventures\Peril_in_Pinebrook_COMPLETE\Peril_in_Pinebrook_COMPLETE.md	./Peril_in_Pinebrook_COMPLETE_images/image_017.png
C:\Users\joshu\OneDrive\Documents\dnd\00 - Campaigns\Northwatch Wardens - (HomeBrew)\Season 1\Adventures\Peril_in_Pinebrook_COMPLETE\Peril_in_Pinebrook_COMPLETE_images\image_018.png	c:\Users\joshu\OneDrive\Documents\dnd\00 - Campaigns\Northwatch Wardens - (HomeBrew)\Season 1\Adventures\Peril_in_Pinebrook_COMPLETE\Peril_in_Pinebrook_COMPLETE.md	./Peril_in_Pinebrook_COMPLETE_images/image_018.png
C:\Users\joshu\OneDrive\Documents\dnd\00 - Campaigns\Northwatch Wardens - (HomeBrew)\Season 1\Adventures\Peril_in_Pinebrook_COMPLETE\Peril_in_Pinebrook_COMPLETE_images\image_019.png	c:\Users\joshu\OneDrive\Documents\dnd\00 - Campaigns\Northwatch Wardens - (HomeBrew)\Season 1\Adventures\Peril_in_Pinebrook_COMPLETE\Peril_in_Pinebrook_COMPLETE.md	./Peril_in_Pinebrook_COMPLETE_images/image_019.png
C:\Users\joshu\OneDrive\Documents\dnd\00 - Campaigns\Northwatch Wardens - (HomeBrew)\Season 1\Adventures\Peril_in_Pinebrook_COMPLETE\Peril_in_Pinebrook_COMPLETE_images\image_020.png	c:\Users\joshu\OneDrive\Documents\dnd\00 - Campaigns\Northwatch Wardens - (HomeBrew)\Season 1\Adventures\Peril_in_Pinebrook_COMPLETE\Peril_in_Pinebrook_COMPLETE.md	./Peril_in_Pinebrook_COMPLETE_images/image_020.png
C:\Users\joshu\OneDrive\Documents\dnd\00 - Campaigns\Northwatch Wardens - (HomeBrew)\Season 1\Adventures\Peril_in_Pinebrook_COMPLETE\Peril_in_Pinebrook_COMPLETE_images\image_021.png	c:\Users\joshu\OneDrive\Documents\dnd\00 - Campaigns\Northwatch Wardens - (HomeBrew)\Season 1\Adventures\Peril_in_Pinebrook_COMPLETE\Peril_in_Pinebrook_COMPLETE.md	./Peril_in_Pinebrook_COMPLETE_images/image_021.png
C:\Users\joshu\OneDrive\Documents\dnd\00 - Campaigns\Northwatch Wardens - (HomeBrew)\Season 1\Adventures\Peril_in_Pinebrook_COMPLETE\Peril_in_Pinebrook_COMPLETE_images\image_022.png	c:\Users\joshu\OneDrive\Documents\dnd\00 - Campaigns\Northwatch Wardens - (HomeBrew)\Season 1\Adventures\Peril_in_Pinebrook_COMPLETE\Peril_in_Pinebrook_COMPLETE.md	./Peril_in_Pinebrook_COMPLETE_images/image_022.png
C:\Users\joshu\OneDrive\Documents\dnd\00 - Campaigns\Northwatch Wardens - (HomeBrew)\Season 1\Adventures\Peril_in_Pinebrook_COMPLETE\Peril_in_Pinebrook_COMPLETE_images\image_023.png	c:\Users\joshu\OneDrive\Documents\dnd\00 - Campaigns\Northwatch Wardens - (HomeBrew)\Season 1\Adventures\Peril_in_Pinebrook_COMPLETE\Peril_in_Pinebrook_COMPLETE.md	./Peril_in_Pinebrook_COMPLETE_images/image_023.png
C:\Users\joshu\OneDrive\Documents\dnd\00 - Campaigns\Northwatch Wardens - (HomeBrew)\Season 1\Adventures\Peril_in_Pinebrook_COMPLETE\Peril_in_Pinebrook_COMPLETE_images\image_024.png	c:\Users\joshu\OneDrive\Documents\dnd\00 - Campaigns\Northwatch Wardens - (HomeBrew)\Season 1\Adventures\Peril_in_Pinebrook_COMPLETE\Peril_in_Pinebrook_COMPLETE.md	./Peril_in_Pinebrook_COMPLETE_images/image_024.png
C:\Users\joshu\OneDrive\Documents\dnd\00 - Campaigns\Northwatch Wardens - (HomeBrew)\Season 1\Adventures\Peril_in_Pinebrook_COMPLETE\Peril_in_Pinebrook_COMPLETE_images\image_025.png	c:\Users\joshu\OneDrive\Documents\dnd\00 - Campaigns\Northwatch Wardens - (HomeBrew)\Season 1\Adventures\Peril_in_Pinebrook_COMPLETE\Peril_in_Pinebrook_COMPLETE.md	./Peril_in_Pinebrook_COMPLETE_images/image_025.png
C:\Users\joshu\OneDrive\Documents\dnd\00 - Campaigns\Northwatch Wardens - (HomeBrew)\Season 1\Adventures\Peril_in_Pinebrook_COMPLETE\Peril_in_Pinebrook_COMPLETE_images\image_026.png	c:\Users\joshu\OneDrive\Documents\dnd\00 - Campaigns\Northwatch Wardens - (HomeBrew)\Season 1\Adventures\Peril_in_Pinebrook_COMPLETE\Peril_in_Pinebrook_COMPLETE.md	./Peril_in_Pinebrook_COMPLETE_images/image_026.png
C:\Users\joshu\OneDrive\Documents\dnd\00 - Campaigns\Northwatch Wardens - (HomeBrew)\Season 1\Adventures\Peril_in_Pinebrook_COMPLETE\Peril_in_Pinebrook_COMPLETE_images\image_027.png	c:\Users\joshu\OneDrive\Documents\dnd\00 - Campaigns\Northwatch Wardens - (HomeBrew)\Season 1\Adventures\Peril_in_Pinebrook_COMPLETE\Peril_in_Pinebrook_COMPLETE.md	./Peril_in_Pinebrook_COMPLETE_images/image_027.png
C:\Users\joshu\OneDrive\Documents\dnd\00 - Campaigns\Northwatch Wardens - (HomeBrew)\Season 1\Adventures\Peril_in_Pinebrook_COMPLETE\Peril_in_Pinebrook_COMPLETE_images\image_028.png	c:\Users\joshu\OneDrive\Documents\dnd\00 - Campaigns\Northwatch Wardens - (HomeBrew)\Season 1\Adventures\Peril_in_Pinebrook_COMPLETE\Peril_in_Pinebrook_COMPLETE.md	./Peril_in_Pinebrook_COMPLETE_images/image_028.png
C:\Users\joshu\OneDrive\Documents\dnd\00 - Campaigns\Northwatch Wardens - (HomeBrew)\Season 1\Adventures\Peril_in_Pinebrook_COMPLETE\Peril_in_Pinebrook_COMPLETE_images\image_029.png	c:\Users\joshu\OneDrive\Documents\dnd\00 - Campaigns\Northwatch Wardens - (HomeBrew)\Season 1\Adventures\Peril_in_Pinebrook_COMPLETE\Peril_in_Pinebrook_COMPLETE.md	./Peril_in_Pinebrook_COMPLETE_images/image_029.png
C:\Users\joshu\OneDrive\Documents\dnd\00 - Campaigns\Northwatch Wardens - (HomeBrew)\Season 1\Adventures\Peril_in_Pinebrook_COMPLETE\Peril_in_Pinebrook_COMPLETE_images\image_030.png	c:\Users\joshu\OneDrive\Documents\dnd\00 - Campaigns\Northwatch Wardens - (HomeBrew)\Season 1\Adventures\Peril_in_Pinebrook_COMPLETE\Peril_in_Pinebrook_COMPLETE.md	./Peril_in_Pinebrook_COMPLETE_images/image_030.png
C:\Users\joshu\OneDrive\Documents\dnd\00 - Campaigns\Northwatch Wardens - (HomeBrew)\Season 1\Adventures\Peril_in_Pinebrook_COMPLETE\Peril_in_Pinebrook_COMPLETE_images\image_031.png	c:\Users\joshu\OneDrive\Documents\dnd\00 - Campaigns\Northwatch Wardens - (HomeBrew)\Season 1\Adventures\Peril_in_Pinebrook_COMPLETE\Peril_in_Pinebrook_COMPLETE.md	./Peril_in_Pinebrook_COMPLETE_images/image_031.png
C:\Users\joshu\OneDrive\Documents\dnd\00 - Campaigns\Northwatch Wardens - (HomeBrew)\Season 1\Adventures\Peril_in_Pinebrook_COMPLETE\Peril_in_Pinebrook_COMPLETE_images\image_032.png	c:\Users\joshu\OneDrive\Documents\dnd\00 - Campaigns\Northwatch Wardens - (HomeBrew)\Season 1\Adventures\Peril_in_Pinebrook_COMPLETE\Peril_in_Pinebrook_COMPLETE.md	./Peril_in_Pinebrook_COMPLETE_images/image_032.png
C:\Users\joshu\OneDrive\Documents\dnd\00 - Campaigns\Northwatch Wardens - (HomeBrew)\Season 1\Adventures\Peril_in_Pinebrook_COMPLETE\Peril_in_Pinebrook_COMPLETE_images\image_033.png	c:\Users\joshu\OneDrive\Documents\dnd\00 - Campaigns\Northwatch Wardens - (HomeBrew)\Season 1\Adventures\Peril_in_Pinebrook_COMPLETE\Peril_in_Pinebrook_COMPLETE.md	./Peril_in_Pinebrook_COMPLETE_images/image_033.png
C:\Users\joshu\OneDrive\Documents\dnd\00 - Campaigns\Northwatch Wardens - (HomeBrew)\Season 1\Adventures\Peril_in_Pinebrook_COMPLETE\Peril_in_Pinebrook_COMPLETE_images\image_034.png	c:\Users\joshu\OneDrive\Documents\dnd\00 - Campaigns\Northwatch Wardens - (HomeBrew)\Season 1\Adventures\Peril_in_Pinebrook_COMPLETE\Peril_in_Pinebrook_COMPLETE.md	./Peril_in_Pinebrook_COMPLETE_images/image_034.png
C:\Users\joshu\OneDrive\Documents\dnd\00 - Campaigns\Northwatch Wardens - (HomeBrew)\Season 1\Adventures\Peril_in_Pinebrook_COMPLETE\Peril_in_Pinebrook_COMPLETE_images\image_035.png	c:\Users\joshu\OneDrive\Documents\dnd\00 - Campaigns\Northwatch Wardens - (HomeBrew)\Season 1\Adventures\Peril_in_Pinebrook_COMPLETE\Peril_in_Pinebrook_COMPLETE.md	./Peril_in_Pinebrook_COMPLETE_images/image_035.png
C:\Users\joshu\OneDrive\Documents\dnd\00 - Campaigns\Northwatch Wardens - (HomeBrew)\Season 1\Adventures\Peril_in_Pinebrook_COMPLETE\Peril_in_Pinebrook_COMPLETE_images\image_036.png	c:\Users\joshu\OneDrive\Documents\dnd\00 - Campaigns\Northwatch Wardens - (HomeBrew)\Season 1\Adventures\Peril_in_Pinebrook_COMPLETE\Peril_in_Pinebrook_COMPLETE.md	./Peril_in_Pinebrook_COMPLETE_images/image_036.png
C:\Users\joshu\OneDrive\Documents\dnd\00 - Campaigns\Northwatch Wardens - (HomeBrew)\Season 1\Adventures\Peril_in_Pinebrook_COMPLETE\Peril_in_Pinebrook_COMPLETE_images\image_037.png	c:\Users\joshu\OneDrive\Documents\dnd\00 - Campaigns\Northwatch Wardens - (HomeBrew)\Season 1\Adventures\Peril_in_Pinebrook_COMPLETE\Peril_in_Pinebrook_COMPLETE.md	./Peril_in_Pinebrook_COMPLETE_images/image_037.png
C:\Users\joshu\OneDrive\Documents\dnd\00 - Campaigns\Northwatch Wardens - (HomeBrew)\Season 1\Adventures\Peril_in_Pinebrook_COMPLETE\Peril_in_Pinebrook_COMPLETE_images\image_038.png	c:\Users\joshu\OneDrive\Documents\dnd\00 - Campaigns\Northwatch Wardens - (HomeBrew)\Season 1\Adventures\Peril_in_Pinebrook_COMPLETE\Peril_in_Pinebrook_COMPLETE.md	./Peril_in_Pinebrook_COMPLETE_images/image_038.png
C:\Users\joshu\OneDrive\Documents\dnd\00 - Campaigns\Northwatch Wardens - (HomeBrew)\Season 1\Adventures\Peril_in_Pinebrook_COMPLETE\Peril_in_Pinebrook_COMPLETE_images\image_039.png	c:\Users\joshu\OneDrive\Documents\dnd\00 - Campaigns\Northwatch Wardens - (HomeBrew)\Season 1\Adventures\Peril_in_Pinebrook_COMPLETE\Peril_in_Pinebrook_COMPLETE.md	./Peril_in_Pinebrook_COMPLETE_images/image_039.png
C:\Users\joshu\OneDrive\Documents\dnd\00 - Campaigns\Northwatch Wardens - (HomeBrew)\Season 1\Adventures\Peril_in_Pinebrook_COMPLETE\Peril_in_Pinebrook_COMPLETE_images\image_040.png	c:\Users\joshu\OneDrive\Documents\dnd\00 - Campaigns\Northwatch Wardens - (HomeBrew)\Season 1\Adventures\Peril_in_Pinebrook_COMPLETE\Peril_in_Pinebrook_COMPLETE.md	./Peril_in_Pinebrook_COMPLETE_images/image_040.png
C:\Users\joshu\OneDrive\Documents\dnd\00 - Campaigns\Northwatch Wardens - (HomeBrew)\Season 1\Adventures\Peril_in_Pinebrook_COMPLETE\Peril_in_Pinebrook_COMPLETE_images\image_041.png	c:\Users\joshu\OneDrive\Documents\dnd\00 - Campaigns\Northwatch Wardens - (HomeBrew)\Season 1\Adventures\Peril_in_Pinebrook_COMPLETE\Peril_in_Pinebrook_COMPLETE.md	./Peril_in_Pinebrook_COMPLETE_images/image_041.png
C:\Users\joshu\OneDrive\Documents\dnd\00 - Campaigns\Northwatch Wardens - (HomeBrew)\Season 1\Adventures\Peril_in_Pinebrook_COMPLETE\Peril_in_Pinebrook_COMPLETE_images\image_042.png	c:\Users\joshu\OneDrive\Documents\dnd\00 - Campaigns\Northwatch Wardens - (HomeBrew)\Season 1\Adventures\Peril_in_Pinebrook_COMPLETE\Peril_in_Pinebrook_COMPLETE.md	./Peril_in_Pinebrook_COMPLETE_images/image_042.png
C:\Users\joshu\OneDrive\Documents\dnd\00 - Campaigns\Northwatch Wardens - (HomeBrew)\Season 1\Adventures\Peril_in_Pinebrook_COMPLETE\Peril_in_Pinebrook_COMPLETE_images\image_043.png	c:\Users\joshu\OneDrive\Documents\dnd\00 - Campaigns\Northwatch Wardens - (HomeBrew)\Season 1\Adventures\Peril_in_Pinebrook_COMPLETE\Peril_in_Pinebrook_COMPLETE.md	./Peril_in_Pinebrook_COMPLETE_images/image_043.png
C:\Users\joshu\OneDrive\Documents\dnd\00 - Campaigns\Northwatch Wardens - (HomeBrew)\Season 1\Adventures\Peril_in_Pinebrook_COMPLETE\Peril_in_Pinebrook_COMPLETE_images\image_044.png	c:\Users\joshu\OneDrive\Documents\dnd\00 - Campaigns\Northwatch Wardens - (HomeBrew)\Season 1\Adventures\Peril_in_Pinebrook_COMPLETE\Peril_in_Pinebrook_COMPLETE.md	./Peril_in_Pinebrook_COMPLETE_images/image_044.png
C:\Users\joshu\OneDrive\Documents\dnd\00 - Campaigns\Northwatch Wardens - (HomeBrew)\Season 1\Adventures\Peril_in_Pinebrook_COMPLETE\Peril_in_Pinebrook_COMPLETE_images\image_045.png	c:\Users\joshu\OneDrive\Documents\dnd\00 - Campaigns\Northwatch Wardens - (HomeBrew)\Season 1\Adventures\Peril_in_Pinebrook_COMPLETE\Peril_in_Pinebrook_COMPLETE.md	./Peril_in_Pinebrook_COMPLETE_images/image_045.png
C:\Users\joshu\OneDrive\Documents\dnd\00 - Campaigns\Northwatch Wardens - (HomeBrew)\Season 1\Adventures\Peril_in_Pinebrook_COMPLETE\Peril_in_Pinebrook_COMPLETE_images\image_046.png	c:\Users\joshu\OneDrive\Documents\dnd\00 - Campaigns\Northwatch Wardens - (HomeBrew)\Season 1\Adventures\Peril_in_Pinebrook_COMPLETE\Peril_in_Pinebrook_COMPLETE.md	./Peril_in_Pinebrook_COMPLETE_images/image_046.png
C:\Users\joshu\OneDrive\Documents\dnd\00 - Campaigns\Northwatch Wardens - (HomeBrew)\Season 1\Adventures\Peril_in_Pinebrook_COMPLETE\Peril_in_Pinebrook_COMPLETE_images\image_047.png	c:\Users\joshu\OneDrive\Documents\dnd\00 - Campaigns\Northwatch Wardens - (HomeBrew)\Season 1\Adventures\Peril_in_Pinebrook_COMPLETE\Peril_in_Pinebrook_COMPLETE.md	./Peril_in_Pinebrook_COMPLETE_images/image_047.png
C:\Users\joshu\OneDrive\Documents\dnd\00 - Campaigns\Northwatch Wardens - (HomeBrew)\Season 1\Adventures\Peril_in_Pinebrook_COMPLETE\Peril_in_Pinebrook_COMPLETE_images\image_048.png	c:\Users\joshu\OneDrive\Documents\dnd\00 - Campaigns\Northwatch Wardens - (HomeBrew)\Season 1\Adventures\Peril_in_Pinebrook_COMPLETE\Peril_in_Pinebrook_COMPLETE.md	./Peril_in_Pinebrook_COMPLETE_images/image_048.png
C:\Users\joshu\OneDrive\Documents\dnd\00 - Campaigns\Northwatch Wardens - (HomeBrew)\Season 1\Adventures\Peril_in_Pinebrook_COMPLETE\Peril_in_Pinebrook_COMPLETE_images\image_049.png	c:\Users\joshu\OneDrive\Documents\dnd\00 - Campaigns\Northwatch Wardens - (HomeBrew)\Season 1\Adventures\Peril_in_Pinebrook_COMPLETE\Peril_in_Pinebrook_COMPLETE.md	./Peril_in_Pinebrook_COMPLETE_images/image_049.png
C:\Users\joshu\OneDrive\Documents\dnd\00 - Campaigns\Northwatch Wardens - (HomeBrew)\Season 1\Adventures\Peril_in_Pinebrook_COMPLETE\Peril_in_Pinebrook_COMPLETE_images\image_050.png	c:\Users\joshu\OneDrive\Documents\dnd\00 - Campaigns\Northwatch Wardens - (HomeBrew)\Season 1\Adventures\Peril_in_Pinebrook_COMPLETE\Peril_in_Pinebrook_COMPLETE.md	./Peril_in_Pinebrook_COMPLETE_images/image_050.png
C:\Users\joshu\OneDrive\Documents\dnd\00 - Campaigns\Northwatch Wardens - (HomeBrew)\Season 1\Adventures\Peril_in_Pinebrook_COMPLETE\Peril_in_Pinebrook_COMPLETE_images\image_051.png	c:\Users\joshu\OneDrive\Documents\dnd\00 - Campaigns\Northwatch Wardens - (HomeBrew)\Season 1\Adventures\Peril_in_Pinebrook_COMPLETE\Peril_in_Pinebrook_COMPLETE.md	./Peril_in_Pinebrook_COMPLETE_images/image_051.png
C:\Users\joshu\OneDrive\Documents\dnd\00 - Campaigns\Northwatch Wardens - (HomeBrew)\Season 1\Adventures\Peril_in_Pinebrook_COMPLETE\Peril_in_Pinebrook_COMPLETE_images\image_052.png	c:\Users\joshu\OneDrive\Documents\dnd\00 - Campaigns\Northwatch Wardens - (HomeBrew)\Season 1\Adventures\Peril_in_Pinebrook_COMPLETE\Peril_in_Pinebrook_COMPLETE.md	./Peril_in_Pinebrook_COMPLETE_images/image_052.png
C:\Users\joshu\OneDrive\Documents\dnd\00 - Campaigns\Northwatch Wardens - (HomeBrew)\Season 1\Adventures\Peril_in_Pinebrook_COMPLETE\Peril_in_Pinebrook_COMPLETE_images\image_053.png	c:\Users\joshu\OneDrive\Documents\dnd\00 - Campaigns\Northwatch Wardens - (HomeBrew)\Season 1\Adventures\Peril_in_Pinebrook_COMPLETE\Peril_in_Pinebrook_COMPLETE.md	./Peril_in_Pinebrook_COMPLETE_images/image_053.png
C:\Users\joshu\OneDrive\Documents\dnd\00 - Campaigns\Northwatch Wardens - (HomeBrew)\Season 1\Adventures\Peril_in_Pinebrook_COMPLETE\Peril_in_Pinebrook_COMPLETE_images\image_054.png	c:\Users\joshu\OneDrive\Documents\dnd\00 - Campaigns\Northwatch Wardens - (HomeBrew)\Season 1\Adventures\Peril_in_Pinebrook_COMPLETE\Peril_in_Pinebrook_COMPLETE.md	./Peril_in_Pinebrook_COMPLETE_images/image_054.png
C:\Users\joshu\OneDrive\Documents\dnd\00 - Campaigns\Northwatch Wardens - (HomeBrew)\Season 1\Adventures\Peril_in_Pinebrook_COMPLETE\Peril_in_Pinebrook_COMPLETE_images\image_055.png	c:\Users\joshu\OneDrive\Documents\dnd\00 - Campaigns\Northwatch Wardens - (HomeBrew)\Season 1\Adventures\Peril_in_Pinebrook_COMPLETE\Peril_in_Pinebrook_COMPLETE.md	./Peril_in_Pinebrook_COMPLETE_images/image_055.png
C:\Users\joshu\OneDrive\Documents\dnd\00 - Campaigns\Northwatch Wardens - (HomeBrew)\Season 1\Adventures\Peril_in_Pinebrook_COMPLETE\Peril_in_Pinebrook_COMPLETE_images\image_056.png	c:\Users\joshu\OneDrive\Documents\dnd\00 - Campaigns\Northwatch Wardens - (HomeBrew)\Season 1\Adventures\Peril_in_Pinebrook_COMPLETE\Peril_in_Pinebrook_COMPLETE.md	./Peril_in_Pinebrook_COMPLETE_images/image_056.png
C:\Users\joshu\OneDrive\Documents\dnd\00 - Campaigns\Northwatch Wardens - (HomeBrew)\Season 1\Adventures\Peril_in_Pinebrook_COMPLETE\Peril_in_Pinebrook_COMPLETE_images\image_057.png	c:\Users\joshu\OneDrive\Documents\dnd\00 - Campaigns\Northwatch Wardens - (HomeBrew)\Season 1\Adventures\Peril_in_Pinebrook_COMPLETE\Peril_in_Pinebrook_COMPLETE.md	./Peril_in_Pinebrook_COMPLETE_images/image_057.png
C:\Users\joshu\OneDrive\Documents\dnd\00 - Campaigns\Northwatch Wardens - (HomeBrew)\Season 1\Adventures\Peril_in_Pinebrook_COMPLETE\Peril_in_Pinebrook_COMPLETE_images\image_058.png	c:\Users\joshu\OneDrive\Documents\dnd\00 - Campaigns\Northwatch Wardens - (HomeBrew)\Season 1\Adventures\Peril_in_Pinebrook_COMPLETE\Peril_in_Pinebrook_COMPLETE.md	./Peril_in_Pinebrook_COMPLETE_images/image_058.png
C:\Users\joshu\OneDrive\Documents\dnd\00 - Campaigns\Northwatch Wardens - (HomeBrew)\Season 1\Adventures\Peril_in_Pinebrook_COMPLETE\Peril_in_Pinebrook_COMPLETE_images\image_059.png	c:\Users\joshu\OneDrive\Documents\dnd\00 - Campaigns\Northwatch Wardens - (HomeBrew)\Season 1\Adventures\Peril_in_Pinebrook_COMPLETE\Peril_in_Pinebrook_COMPLETE.md	./Peril_in_Pinebrook_COMPLETE_images/image_059.png
C:\Users\joshu\OneDrive\Documents\dnd\00 - Campaigns\Northwatch Wardens - (HomeBrew)\Season 1\Adventures\Peril_in_Pinebrook_COMPLETE\Peril_in_Pinebrook_COMPLETE_images\image_060.png	c:\Users\joshu\OneDrive\Documents\dnd\00 - Campaigns\Northwatch Wardens - (HomeBrew)\Season 1\Adventures\Peril_in_Pinebrook_COMPLETE\Peril_in_Pinebrook_COMPLETE.md	./Peril_in_Pinebrook_COMPLETE_images/image_060.png
C:\Users\joshu\OneDrive\Documents\dnd\00 - Campaigns\Northwatch Wardens - (HomeBrew)\Season 1\Adventures\Peril_in_Pinebrook_COMPLETE\Peril_in_Pinebrook_COMPLETE_images\image_061.png	c:\Users\joshu\OneDrive\Documents\dnd\00 - Campaigns\Northwatch Wardens - (HomeBrew)\Season 1\Adventures\Peril_in_Pinebrook_COMPLETE\Peril_in_Pinebrook_COMPLETE.md	./Peril_in_Pinebrook_COMPLETE_images/image_061.png
C:\Users\joshu\OneDrive\Documents\dnd\00 - Campaigns\Northwatch Wardens - (HomeBrew)\Season 1\Adventures\Peril_in_Pinebrook_COMPLETE\Peril_in_Pinebrook_COMPLETE_images\image_062.png	c:\Users\joshu\OneDrive\Documents\dnd\00 - Campaigns\Northwatch Wardens - (HomeBrew)\Season 1\Adventures\Peril_in_Pinebrook_COMPLETE\Peril_in_Pinebrook_COMPLETE.md	./Peril_in_Pinebrook_COMPLETE_images/image_062.png
C:\Users\joshu\OneDrive\Documents\dnd\00 - Campaigns\Northwatch Wardens - (HomeBrew)\Season 1\Adventures\Peril_in_Pinebrook_COMPLETE\Peril_in_Pinebrook_COMPLETE_images\image_063.png	c:\Users\joshu\OneDrive\Documents\dnd\00 - Campaigns\Northwatch Wardens - (HomeBrew)\Season 1\Adventures\Peril_in_Pinebrook_COMPLETE\Peril_in_Pinebrook_COMPLETE.md	./Peril_in_Pinebrook_COMPLETE_images/image_063.png
C:\Users\joshu\OneDrive\Documents\dnd\00 - Campaigns\Northwatch Wardens - (HomeBrew)\Season 1\Adventures\Peril_in_Pinebrook_COMPLETE\Peril_in_Pinebrook_COMPLETE_images\image_064.png	c:\Users\joshu\OneDrive\Documents\dnd\00 - Campaigns\Northwatch Wardens - (HomeBrew)\Season 1\Adventures\Peril_in_Pinebrook_COMPLETE\Peril_in_Pinebrook_COMPLETE.md	./Peril_in_Pinebrook_COMPLETE_images/image_064.png
C:\Users\joshu\OneDrive\Documents\dnd\00 - Campaigns\Northwatch Wardens - (HomeBrew)\Season 1\Adventures\Peril_in_Pinebrook_COMPLETE\Peril_in_Pinebrook_COMPLETE_images\image_065.png	c:\Users\joshu\OneDrive\Documents\dnd\00 - Campaigns\Northwatch Wardens - (HomeBrew)\Season 1\Adventures\Peril_in_Pinebrook_COMPLETE\Peril_in_Pinebrook_COMPLETE.md	./Peril_in_Pinebrook_COMPLETE_images/image_065.png
C:\Users\joshu\OneDrive\Documents\dnd\00 - Campaigns\Northwatch Wardens - (HomeBrew)\Season 1\Adventures\Peril_in_Pinebrook_COMPLETE\Peril_in_Pinebrook_COMPLETE_images\image_066.png	c:\Users\joshu\OneDrive\Documents\dnd\00 - Campaigns\Northwatch Wardens - (HomeBrew)\Season 1\Adventures\Peril_in_Pinebrook_COMPLETE\Peril_in_Pinebrook_COMPLETE.md	./Peril_in_Pinebrook_COMPLETE_images/image_066.png
C:\Users\joshu\OneDrive\Documents\dnd\00 - Campaigns\Northwatch Wardens - (HomeBrew)\Season 1\Adventures\Peril_in_Pinebrook_COMPLETE\Peril_in_Pinebrook_COMPLETE_images\image_067.png	c:\Users\joshu\OneDrive\Documents\dnd\00 - Campaigns\Northwatch Wardens - (HomeBrew)\Season 1\Adventures\Peril_in_Pinebrook_COMPLETE\Peril_in_Pinebrook_COMPLETE.md	./Peril_in_Pinebrook_COMPLETE_images/image_067.png
C:\Users\joshu\OneDrive\Documents\dnd\00 - Campaigns\Northwatch Wardens - (HomeBrew)\Season 1\Adventures\Peril_in_Pinebrook_COMPLETE\Peril_in_Pinebrook_COMPLETE_images\image_068.png	c:\Users\joshu\OneDrive\Documents\dnd\00 - Campaigns\Northwatch Wardens - (HomeBrew)\Season 1\Adventures\Peril_in_Pinebrook_COMPLETE\Peril_in_Pinebrook_COMPLETE.md	./Peril_in_Pinebrook_COMPLETE_images/image_068.png
C:\Users\joshu\OneDrive\Documents\dnd\00 - Campaigns\Northwatch Wardens - (HomeBrew)\Season 1\Adventures\Peril_in_Pinebrook_COMPLETE\Peril_in_Pinebrook_COMPLETE_images\image_069.png	c:\Users\joshu\OneDrive\Documents\dnd\00 - Campaigns\Northwatch Wardens - (HomeBrew)\Season 1\Adventures\Peril_in_Pinebrook_COMPLETE\Peril_in_Pinebrook_COMPLETE.md	./Peril_in_Pinebrook_COMPLETE_images/image_069.png
C:\Users\joshu\OneDrive\Documents\dnd\00 - Campaigns\Northwatch Wardens - (HomeBrew)\Season 1\Adventures\Peril_in_Pinebrook_COMPLETE\Peril_in_Pinebrook_COMPLETE_images\image_070.png	c:\Users\joshu\OneDrive\Documents\dnd\00 - Campaigns\Northwatch Wardens - (HomeBrew)\Season 1\Adventures\Peril_in_Pinebrook_COMPLETE\Peril_in_Pinebrook_COMPLETE.md	./Peril_in_Pinebrook_COMPLETE_images/image_070.png
C:\Users\joshu\OneDrive\Documents\dnd\00 - Campaigns\Northwatch Wardens - (HomeBrew)\Season 1\Adventures\Peril_in_Pinebrook_COMPLETE\Peril_in_Pinebrook_COMPLETE_images\image_071.png	c:\Users\joshu\OneDrive\Documents\dnd\00 - Campaigns\Northwatch Wardens - (HomeBrew)\Season 1\Adventures\Peril_in_Pinebrook_COMPLETE\Peril_in_Pinebrook_COMPLETE.md	./Peril_in_Pinebrook_COMPLETE_images/image_071.png
C:\Users\joshu\OneDrive\Documents\dnd\00 - Campaigns\Northwatch Wardens - (HomeBrew)\Season 1\Adventures\Peril_in_Pinebrook_COMPLETE\Peril_in_Pinebrook_COMPLETE_images\image_072.png	c:\Users\joshu\OneDrive\Documents\dnd\00 - Campaigns\Northwatch Wardens - (HomeBrew)\Season 1\Adventures\Peril_in_Pinebrook_COMPLETE\Peril_in_Pinebrook_COMPLETE.md	./Peril_in_Pinebrook_COMPLETE_images/image_072.png
C:\Users\joshu\OneDrive\Documents\dnd\00 - Campaigns\Northwatch Wardens - (HomeBrew)\Season 1\Adventures\Peril_in_Pinebrook_COMPLETE\Peril_in_Pinebrook_COMPLETE_images\image_073.png	c:\Users\joshu\OneDrive\Documents\dnd\00 - Campaigns\Northwatch Wardens - (HomeBrew)\Season 1\Adventures\Peril_in_Pinebrook_COMPLETE\Peril_in_Pinebrook_COMPLETE.md	./Peril_in_Pinebrook_COMPLETE_images/image_073.png
C:\Users\joshu\OneDrive\Documents\dnd\00 - Campaigns\Northwatch Wardens - (HomeBrew)\Season 1\Adventures\Peril_in_Pinebrook_COMPLETE\Peril_in_Pinebrook_COMPLETE_images\image_074.png	c:\Users\joshu\OneDrive\Documents\dnd\00 - Campaigns\Northwatch Wardens - (HomeBrew)\Season 1\Adventures\Peril_in_Pinebrook_COMPLETE\Peril_in_Pinebrook_COMPLETE.md	./Peril_in_Pinebrook_COMPLETE_images/image_074.png
C:\Users\joshu\OneDrive\Documents\dnd\00 - Campaigns\Northwatch Wardens - (HomeBrew)\Season 1\Adventures\Peril_in_Pinebrook_COMPLETE\Peril_in_Pinebrook_COMPLETE_images\image_075.png	c:\Users\joshu\OneDrive\Documents\dnd\00 - Campaigns\Northwatch Wardens - (HomeBrew)\Season 1\Adventures\Peril_in_Pinebrook_COMPLETE\Peril_in_Pinebrook_COMPLETE.md	./Peril_in_Pinebrook_COMPLETE_images/image_075.png
C:\Users\joshu\OneDrive\Documents\dnd\00 - Campaigns\Northwatch Wardens - (HomeBrew)\Season 1\Adventures\Peril_in_Pinebrook_COMPLETE\Peril_in_Pinebrook_COMPLETE_images\image_076.png	c:\Users\joshu\OneDrive\Documents\dnd\00 - Campaigns\Northwatch Wardens - (HomeBrew)\Season 1\Adventures\Peril_in_Pinebrook_COMPLETE\Peril_in_Pinebrook_COMPLETE.md	./Peril_in_Pinebrook_COMPLETE_images/image_076.png
C:\Users\joshu\OneDrive\Documents\dnd\00 - Campaigns\Northwatch Wardens - (HomeBrew)\Season 1\Adventures\Peril_in_Pinebrook_COMPLETE\Peril_in_Pinebrook_COMPLETE_images\image_077.png	c:\Users\joshu\OneDrive\Documents\dnd\00 - Campaigns\Northwatch Wardens - (HomeBrew)\Season 1\Adventures\Peril_in_Pinebrook_COMPLETE\Peril_in_Pinebrook_COMPLETE.md	./Peril_in_Pinebrook_COMPLETE_images/image_077.png
C:\Users\joshu\OneDrive\Documents\dnd\00 - Campaigns\Northwatch Wardens - (HomeBrew)\Season 1\Adventures\Peril_in_Pinebrook_COMPLETE\Peril_in_Pinebrook_COMPLETE_images\image_078.png	c:\Users\joshu\OneDrive\Documents\dnd\00 - Campaigns\Northwatch Wardens - (HomeBrew)\Season 1\Adventures\Peril_in_Pinebrook_COMPLETE\Peril_in_Pinebrook_COMPLETE.md	./Peril_in_Pinebrook_COMPLETE_images/image_078.png
C:\Users\joshu\OneDrive\Documents\dnd\00 - Campaigns\Northwatch Wardens - (HomeBrew)\Season 1\Adventures\Peril_in_Pinebrook_COMPLETE\Peril_in_Pinebrook_COMPLETE_images\image_079.png	c:\Users\joshu\OneDrive\Documents\dnd\00 - Campaigns\Northwatch Wardens - (HomeBrew)\Season 1\Adventures\Peril_in_Pinebrook_COMPLETE\Peril_in_Pinebrook_COMPLETE.md	./Peril_in_Pinebrook_COMPLETE_images/image_079.png
C:\Users\joshu\OneDrive\Documents\dnd\00 - Campaigns\Northwatch Wardens - (HomeBrew)\Season 1\Adventures\Peril_in_Pinebrook_COMPLETE\Peril_in_Pinebrook_COMPLETE_images\image_080.png	c:\Users\joshu\OneDrive\Documents\dnd\00 - Campaigns\Northwatch Wardens - (HomeBrew)\Season 1\Adventures\Peril_in_Pinebrook_COMPLETE\Peril_in_Pinebrook_COMPLETE.md	./Peril_in_Pinebrook_COMPLETE_images/image_080.png
C:\Users\joshu\OneDrive\Documents\dnd\00 - Campaigns\Northwatch Wardens - (HomeBrew)\Season 1\Adventures\Peril_in_Pinebrook_COMPLETE\Peril_in_Pinebrook_COMPLETE_images\image_081.png	c:\Users\joshu\OneDrive\Documents\dnd\00 - Campaigns\Northwatch Wardens - (HomeBrew)\Season 1\Adventures\Peril_in_Pinebrook_COMPLETE\Peril_in_Pinebrook_COMPLETE.md	./Peril_in_Pinebrook_COMPLETE_images/image_081.png
C:\Users\joshu\OneDrive\Documents\dnd\00 - Campaigns\Northwatch Wardens - (HomeBrew)\Season 1\Adventures\Peril_in_Pinebrook_COMPLETE\Peril_in_Pinebrook_COMPLETE_images\image_082.png	c:\Users\joshu\OneDrive\Documents\dnd\00 - Campaigns\Northwatch Wardens - (HomeBrew)\Season 1\Adventures\Peril_in_Pinebrook_COMPLETE\Peril_in_Pinebrook_COMPLETE.md	./Peril_in_Pinebrook_COMPLETE_images/image_082.png
C:\Users\joshu\OneDrive\Documents\dnd\00 - Campaigns\Northwatch Wardens - (HomeBrew)\Season 1\Adventures\Peril_in_Pinebrook_COMPLETE\Peril_in_Pinebrook_COMPLETE_images\image_083.png	c:\Users\joshu\OneDrive\Documents\dnd\00 - Campaigns\Northwatch Wardens - (HomeBrew)\Season 1\Adventures\Peril_in_Pinebrook_COMPLETE\Peril_in_Pinebrook_COMPLETE.md	./Peril_in_Pinebrook_COMPLETE_images/image_083.png
C:\Users\joshu\OneDrive\Documents\dnd\00 - Campaigns\Northwatch Wardens - (HomeBrew)\Season 1\Adventures\Peril_in_Pinebrook_COMPLETE\Peril_in_Pinebrook_COMPLETE_images\image_084.png	c:\Users\joshu\OneDrive\Documents\dnd\00 - Campaigns\Northwatch Wardens - (HomeBrew)\Season 1\Adventures\Peril_in_Pinebrook_COMPLETE\Peril_in_Pinebrook_COMPLETE.md	./Peril_in_Pinebrook_COMPLETE_images/image_084.png
C:\Users\joshu\OneDrive\Documents\dnd\00 - Campaigns\Northwatch Wardens - (HomeBrew)\Season 1\Adventures\Peril_in_Pinebrook_COMPLETE\Peril_in_Pinebrook_COMPLETE_images\image_085.png	c:\Users\joshu\OneDrive\Documents\dnd\00 - Campaigns\Northwatch Wardens - (HomeBrew)\Season 1\Adventures\Peril_in_Pinebrook_COMPLETE\Peril_in_Pinebrook_COMPLETE.md	./Peril_in_Pinebrook_COMPLETE_images/image_085.png
C:\Users\joshu\OneDrive\Documents\dnd\00 - Campaigns\Northwatch Wardens - (HomeBrew)\Season 1\Adventures\Peril_in_Pinebrook_COMPLETE\Peril_in_Pinebrook_COMPLETE_images\image_086.png	c:\Users\joshu\OneDrive\Documents\dnd\00 - Campaigns\Northwatch Wardens - (HomeBrew)\Season 1\Adventures\Peril_in_Pinebrook_COMPLETE\Peril_in_Pinebrook_COMPLETE.md	./Peril_in_Pinebrook_COMPLETE_images/image_086.png
C:\Users\joshu\OneDrive\Documents\dnd\00 - Campaigns\Northwatch Wardens - (HomeBrew)\Season 1\Adventures\Peril_in_Pinebrook_COMPLETE\Peril_in_Pinebrook_COMPLETE_images\image_087.png	c:\Users\joshu\OneDrive\Documents\dnd\00 - Campaigns\Northwatch Wardens - (HomeBrew)\Season 1\Adventures\Peril_in_Pinebrook_COMPLETE\Peril_in_Pinebrook_COMPLETE.md	./Peril_in_Pinebrook_COMPLETE_images/image_087.png
C:\Users\joshu\OneDrive\Documents\dnd\00 - Campaigns\Northwatch Wardens - (HomeBrew)\Season 1\Adventures\Peril_in_Pinebrook_COMPLETE\Peril_in_Pinebrook_COMPLETE_images\image_088.png	c:\Users\joshu\OneDrive\Documents\dnd\00 - Campaigns\Northwatch Wardens - (HomeBrew)\Season 1\Adventures\Peril_in_Pinebrook_COMPLETE\Peril_in_Pinebrook_COMPLETE.md	./Peril_in_Pinebrook_COMPLETE_images/image_088.png
C:\Users\joshu\OneDrive\Documents\dnd\00 - Campaigns\Northwatch Wardens - (HomeBrew)\Season 1\Adventures\Peril_in_Pinebrook_COMPLETE\Peril_in_Pinebrook_COMPLETE_images\image_089.png	c:\Users\joshu\OneDrive\Documents\dnd\00 - Campaigns\Northwatch Wardens - (HomeBrew)\Season 1\Adventures\Peril_in_Pinebrook_COMPLETE\Peril_in_Pinebrook_COMPLETE.md	./Peril_in_Pinebrook_COMPLETE_images/image_089.png
C:\Users\joshu\OneDrive\Documents\dnd\00 - Campaigns\Northwatch Wardens - (HomeBrew)\Season 1\Adventures\Peril_in_Pinebrook_COMPLETE\Peril_in_Pinebrook_COMPLETE_images\image_090.png	c:\Users\joshu\OneDrive\Documents\dnd\00 - Campaigns\Northwatch Wardens - (HomeBrew)\Season 1\Adventures\Peril_in_Pinebrook_COMPLETE\Peril_in_Pinebrook_COMPLETE.md	./Peril_in_Pinebrook_COMPLETE_images/image_090.png
C:\Users\joshu\OneDrive\Documents\dnd\00 - Campaigns\Northwatch Wardens - (HomeBrew)\Season 1\Adventures\Peril_in_Pinebrook_COMPLETE\Peril_in_Pinebrook_COMPLETE_images\image_091.png	c:\Users\joshu\OneDrive\Documents\dnd\00 - Campaigns\Northwatch Wardens - (HomeBrew)\Season 1\Adventures\Peril_in_Pinebrook_COMPLETE\Peril_in_Pinebrook_COMPLETE.md	./Peril_in_Pinebrook_COMPLETE_images/image_091.png
C:\Users\joshu\OneDrive\Documents\dnd\00 - Campaigns\Northwatch Wardens - (HomeBrew)\Season 1\Adventures\Peril_in_Pinebrook_COMPLETE\Peril_in_Pinebrook_COMPLETE_images\image_092.png	c:\Users\joshu\OneDrive\Documents\dnd\00 - Campaigns\Northwatch Wardens - (HomeBrew)\Season 1\Adventures\Peril_in_Pinebrook_COMPLETE\Peril_in_Pinebrook_COMPLETE.md	./Peril_in_Pinebrook_COMPLETE_images/image_092.png
C:\Users\joshu\OneDrive\Documents\dnd\00 - Campaigns\Northwatch Wardens - (HomeBrew)\Season 1\Adventures\Peril_in_Pinebrook_COMPLETE\Peril_in_Pinebrook_COMPLETE_images\image_093.png	c:\Users\joshu\OneDrive\Documents\dnd\00 - Campaigns\Northwatch Wardens - (HomeBrew)\Season 1\Adventures\Peril_in_Pinebrook_COMPLETE\Peril_in_Pinebrook_COMPLETE.md	./Peril_in_Pinebrook_COMPLETE_images/image_093.png
C:\Users\joshu\OneDrive\Documents\dnd\00 - Campaigns\Northwatch Wardens - (HomeBrew)\Season 1\Adventures\Peril_in_Pinebrook_COMPLETE\Peril_in_Pinebrook_COMPLETE_images\image_094.png	c:\Users\joshu\OneDrive\Documents\dnd\00 - Campaigns\Northwatch Wardens - (HomeBrew)\Season 1\Adventures\Peril_in_Pinebrook_COMPLETE\Peril_in_Pinebrook_COMPLETE.md	./Peril_in_Pinebrook_COMPLETE_images/image_094.png
C:\Users\joshu\OneDrive\Documents\dnd\00 - Campaigns\Northwatch Wardens - (HomeBrew)\Season 1\Adventures\Peril_in_Pinebrook_COMPLETE\Peril_in_Pinebrook_COMPLETE_images\image_095.png	c:\Users\joshu\OneDrive\Documents\dnd\00 - Campaigns\Northwatch Wardens - (HomeBrew)\Season 1\Adventures\Peril_in_Pinebrook_COMPLETE\Peril_in_Pinebrook_COMPLETE.md	./Peril_in_Pinebrook_COMPLETE_images/image_095.png
C:\Users\joshu\OneDrive\Documents\dnd\00 - Campaigns\Northwatch Wardens - (HomeBrew)\Season 1\Adventures\Peril_in_Pinebrook_COMPLETE\Peril_in_Pinebrook_COMPLETE_images\image_096.png	c:\Users\joshu\OneDrive\Documents\dnd\00 - Campaigns\Northwatch Wardens - (HomeBrew)\Season 1\Adventures\Peril_in_Pinebrook_COMPLETE\Peril_in_Pinebrook_COMPLETE.md	./Peril_in_Pinebrook_COMPLETE_images/image_096.png
C:\Users\joshu\OneDrive\Documents\dnd\00 - Campaigns\Northwatch Wardens - (HomeBrew)\Season 1\Adventures\Peril_in_Pinebrook_COMPLETE\Peril_in_Pinebrook_COMPLETE_images\image_097.png	c:\Users\joshu\OneDrive\Documents\dnd\00 - Campaigns\Northwatch Wardens - (HomeBrew)\Season 1\Adventures\Peril_in_Pinebrook_COMPLETE\Peril_in_Pinebrook_COMPLETE.md	./Peril_in_Pinebrook_COMPLETE_images/image_097.png
C:\Users\joshu\OneDrive\Documents\dnd\00 - Campaigns\Northwatch Wardens - (HomeBrew)\Season 1\Adventures\Peril_in_Pinebrook_COMPLETE\Peril_in_Pinebrook_COMPLETE_images\image_098.png	c:\Users\joshu\OneDrive\Documents\dnd\00 - Campaigns\Northwatch Wardens - (HomeBrew)\Season 1\Adventures\Peril_in_Pinebrook_COMPLETE\Peril_in_Pinebrook_COMPLETE.md	./Peril_in_Pinebrook_COMPLETE_images/image_098.png
C:\Users\joshu\OneDrive\Documents\dnd\00 - Campaigns\Northwatch Wardens - (HomeBrew)\Season 1\Adventures\Peril_in_Pinebrook_COMPLETE\Peril_in_Pinebrook_COMPLETE_images\image_099.png	c:\Users\joshu\OneDrive\Documents\dnd\00 - Campaigns\Northwatch Wardens - (HomeBrew)\Season 1\Adventures\Peril_in_Pinebrook_COMPLETE\Peril_in_Pinebrook_COMPLETE.md	./Peril_in_Pinebrook_COMPLETE_images/image_099.png
C:\Users\joshu\OneDrive\Documents\dnd\00 - Campaigns\Northwatch Wardens - (HomeBrew)\Season 1\Adventures\Peril_in_Pinebrook_COMPLETE\Peril_in_Pinebrook_COMPLETE_images\image_100.png	c:\Users\joshu\OneDrive\Documents\dnd\00 - Campaigns\Northwatch Wardens - (HomeBrew)\Season 1\Adventures\Peril_in_Pinebrook_COMPLETE\Peril_in_Pinebrook_COMPLETE.md	./Peril_in_Pinebrook_COMPLETE_images/image_100.png
C:\Users\joshu\OneDrive\Documents\dnd\00 - Campaigns\Northwatch Wardens - (HomeBrew)\Season 1\Adventures\Peril_in_Pinebrook_COMPLETE\Peril_in_Pinebrook_COMPLETE_images\image_101.png	c:\Users\joshu\OneDrive\Documents\dnd\00 - Campaigns\Northwatch Wardens - (HomeBrew)\Season 1\Adventures\Peril_in_Pinebrook_COMPLETE\Peril_in_Pinebrook_COMPLETE.md	./Peril_in_Pinebrook_COMPLETE_images/image_101.png
C:\Users\joshu\OneDrive\Documents\dnd\00 - Campaigns\Northwatch Wardens - (HomeBrew)\Season 1\Adventures\Peril_in_Pinebrook_COMPLETE\Peril_in_Pinebrook_COMPLETE_images\image_102.png	c:\Users\joshu\OneDrive\Documents\dnd\00 - Campaigns\Northwatch Wardens - (HomeBrew)\Season 1\Adventures\Peril_in_Pinebrook_COMPLETE\Peril_in_Pinebrook_COMPLETE.md	./Peril_in_Pinebrook_COMPLETE_images/image_102.png
C:\Users\joshu\OneDrive\Documents\dnd\00 - Campaigns\Northwatch Wardens - (HomeBrew)\Season 1\Adventures\Peril_in_Pinebrook_COMPLETE\Peril_in_Pinebrook_COMPLETE_images\image_103.png	c:\Users\joshu\OneDrive\Documents\dnd\00 - Campaigns\Northwatch Wardens - (HomeBrew)\Season 1\Adventures\Peril_in_Pinebrook_COMPLETE\Peril_in_Pinebrook_COMPLETE.md	./Peril_in_Pinebrook_COMPLETE_images/image_103.png
C:\Users\joshu\OneDrive\Documents\dnd\00 - Campaigns\Northwatch Wardens - (HomeBrew)\Season 1\Adventures\Peril_in_Pinebrook_COMPLETE\Peril_in_Pinebrook_COMPLETE_images\image_104.png	c:\Users\joshu\OneDrive\Documents\dnd\00 - Campaigns\Northwatch Wardens - (HomeBrew)\Season 1\Adventures\Peril_in_Pinebrook_COMPLETE\Peril_in_Pinebrook_COMPLETE.md	./Peril_in_Pinebrook_COMPLETE_images/image_104.png
C:\Users\joshu\OneDrive\Documents\dnd\00 - Campaigns\Northwatch Wardens - (HomeBrew)\Season 1\Adventures\Peril_in_Pinebrook_COMPLETE\Peril_in_Pinebrook_COMPLETE_images\image_105.png	c:\Users\joshu\OneDrive\Documents\dnd\00 - Campaigns\Northwatch Wardens - (HomeBrew)\Season 1\Adventures\Peril_in_Pinebrook_COMPLETE\Peril_in_Pinebrook_COMPLETE.md	./Peril_in_Pinebrook_COMPLETE_images/image_105.png
C:\Users\joshu\OneDrive\Documents\dnd\00 - Campaigns\Northwatch Wardens - (HomeBrew)\Season 1\Adventures\Peril_in_Pinebrook_COMPLETE\Peril_in_Pinebrook_COMPLETE_images\image_106.png	c:\Users\joshu\OneDrive\Documents\dnd\00 - Campaigns\Northwatch Wardens - (HomeBrew)\Season 1\Adventures\Peril_in_Pinebrook_COMPLETE\Peril_in_Pinebrook_COMPLETE.md	./Peril_in_Pinebrook_COMPLETE_images/image_106.png
C:\Users\joshu\OneDrive\Documents\dnd\00 - Campaigns\Northwatch Wardens - (HomeBrew)\Season 1\Adventures\Peril_in_Pinebrook_COMPLETE\Peril_in_Pinebrook_COMPLETE_images\image_107.png	c:\Users\joshu\OneDrive\Documents\dnd\00 - Campaigns\Northwatch Wardens - (HomeBrew)\Season 1\Adventures\Peril_in_Pinebrook_COMPLETE\Peril_in_Pinebrook_COMPLETE.md	./Peril_in_Pinebrook_COMPLETE_images/image_107.png
C:\Users\joshu\OneDrive\Documents\dnd\00 - Campaigns\Northwatch Wardens - (HomeBrew)\Season 1\Adventures\Peril_in_Pinebrook_COMPLETE\Peril_in_Pinebrook_COMPLETE_images\image_108.png	c:\Users\joshu\OneDrive\Documents\dnd\00 - Campaigns\Northwatch Wardens - (HomeBrew)\Season 1\Adventures\Peril_in_Pinebrook_COMPLETE\Peril_in_Pinebrook_COMPLETE.md	./Peril_in_Pinebrook_COMPLETE_images/image_108.png
C:\Users\joshu\OneDrive\Documents\dnd\00 - Campaigns\Northwatch Wardens - (HomeBrew)\Season 1\Adventures\Peril_in_Pinebrook_COMPLETE\Peril_in_Pinebrook_COMPLETE_images\image_109.png	c:\Users\joshu\OneDrive\Documents\dnd\00 - Campaigns\Northwatch Wardens - (HomeBrew)\Season 1\Adventures\Peril_in_Pinebrook_COMPLETE\Peril_in_Pinebrook_COMPLETE.md	./Peril_in_Pinebrook_COMPLETE_images/image_109.png
C:\Users\joshu\OneDrive\Documents\dnd\00 - Campaigns\Northwatch Wardens - (HomeBrew)\Season 1\Adventures\Peril_in_Pinebrook_COMPLETE\Peril_in_Pinebrook_COMPLETE_images\image_110.png	c:\Users\joshu\OneDrive\Documents\dnd\00 - Campaigns\Northwatch Wardens - (HomeBrew)\Season 1\Adventures\Peril_in_Pinebrook_COMPLETE\Peril_in_Pinebrook_COMPLETE.md	./Peril_in_Pinebrook_COMPLETE_images/image_110.png
C:\Users\joshu\OneDrive\Documents\dnd\00 - Campaigns\Northwatch Wardens - (HomeBrew)\Season 1\Adventures\Peril_in_Pinebrook_COMPLETE\Peril_in_Pinebrook_COMPLETE_images\image_111.png	c:\Users\joshu\OneDrive\Documents\dnd\00 - Campaigns\Northwatch Wardens - (HomeBrew)\Season 1\Adventures\Peril_in_Pinebrook_COMPLETE\Peril_in_Pinebrook_COMPLETE.md	./Peril_in_Pinebrook_COMPLETE_images/image_111.png
C:\Users\joshu\OneDrive\Documents\dnd\00 - Campaigns\Northwatch Wardens - (HomeBrew)\Season 1\Adventures\Peril_in_Pinebrook_COMPLETE\Peril_in_Pinebrook_COMPLETE_images\image_112.png	c:\Users\joshu\OneDrive\Documents\dnd\00 - Campaigns\Northwatch Wardens - (HomeBrew)\Season 1\Adventures\Peril_in_Pinebrook_COMPLETE\Peril_in_Pinebrook_COMPLETE.md	./Peril_in_Pinebrook_COMPLETE_images/image_112.png
C:\Users\joshu\OneDrive\Documents\dnd\00 - Campaigns\Northwatch Wardens - (HomeBrew)\Season 1\Adventures\Peril_in_Pinebrook_COMPLETE\Peril_in_Pinebrook_COMPLETE_images\image_113.png	c:\Users\joshu\OneDrive\Documents\dnd\00 - Campaigns\Northwatch Wardens - (HomeBrew)\Season 1\Adventures\Peril_in_Pinebrook_COMPLETE\Peril_in_Pinebrook_COMPLETE.md	./Peril_in_Pinebrook_COMPLETE_images/image_113.png
C:\Users\joshu\OneDrive\Documents\dnd\00 - Campaigns\Northwatch Wardens - (HomeBrew)\Season 1\Adventures\Peril_in_Pinebrook_COMPLETE\Peril_in_Pinebrook_COMPLETE_images\image_114.png	c:\Users\joshu\OneDrive\Documents\dnd\00 - Campaigns\Northwatch Wardens - (HomeBrew)\Season 1\Adventures\Peril_in_Pinebrook_COMPLETE\Peril_in_Pinebrook_COMPLETE.md	./Peril_in_Pinebrook_COMPLETE_images/image_114.png
C:\Users\joshu\OneDrive\Documents\dnd\00 - Campaigns\Northwatch Wardens - (HomeBrew)\Season 1\Adventures\Peril_in_Pinebrook_COMPLETE\Peril_in_Pinebrook_COMPLETE_images\image_115.png	c:\Users\joshu\OneDrive\Documents\dnd\00 - Campaigns\Northwatch Wardens - (HomeBrew)\Season 1\Adventures\Peril_in_Pinebrook_COMPLETE\Peril_in_Pinebrook_COMPLETE.md	./Peril_in_Pinebrook_COMPLETE_images/image_115.png
C:\Users\joshu\OneDrive\Documents\dnd\00 - Campaigns\Northwatch Wardens - (HomeBrew)\Season 1\Adventures\Peril_in_Pinebrook_COMPLETE\Peril_in_Pinebrook_COMPLETE_images\image_116.png	c:\Users\joshu\OneDrive\Documents\dnd\00 - Campaigns\Northwatch Wardens - (HomeBrew)\Season 1\Adventures\Peril_in_Pinebrook_COMPLETE\Peril_in_Pinebrook_COMPLETE.md	./Peril_in_Pinebrook_COMPLETE_images/image_116.png
C:\Users\joshu\OneDrive\Documents\dnd\00 - Campaigns\Northwatch Wardens - (HomeBrew)\Season 1\Adventures\Peril_in_Pinebrook_COMPLETE\Peril_in_Pinebrook_COMPLETE_images\image_117.png	c:\Users\joshu\OneDrive\Documents\dnd\00 - Campaigns\Northwatch Wardens - (HomeBrew)\Season 1\Adventures\Peril_in_Pinebrook_COMPLETE\Peril_in_Pinebrook_COMPLETE.md	./Peril_in_Pinebrook_COMPLETE_images/image_117.png
C:\Users\joshu\OneDrive\Documents\dnd\00 - Campaigns\Northwatch Wardens - (HomeBrew)\Season 1\Adventures\Peril_in_Pinebrook_COMPLETE\Peril_in_Pinebrook_COMPLETE_images\image_118.png	c:\Users\joshu\OneDrive\Documents\dnd\00 - Campaigns\Northwatch Wardens - (HomeBrew)\Season 1\Adventures\Peril_in_Pinebrook_COMPLETE\Peril_in_Pinebrook_COMPLETE.md	./Peril_in_Pinebrook_COMPLETE_images/image_118.png
C:\Users\joshu\OneDrive\Documents\dnd\00 - Campaigns\Northwatch Wardens - (HomeBrew)\Season 1\Adventures\Peril_in_Pinebrook_COMPLETE\Peril_in_Pinebrook_COMPLETE_images\image_119.png	c:\Users\joshu\OneDrive\Documents\dnd\00 - Campaigns\Northwatch Wardens - (HomeBrew)\Season 1\Adventures\Peril_in_Pinebrook_COMPLETE\Peril_in_Pinebrook_COMPLETE.md	./Peril_in_Pinebrook_COMPLETE_images/image_119.png
C:\Users\joshu\OneDrive\Documents\dnd\00 - Campaigns\Northwatch Wardens - (HomeBrew)\Season 1\Adventures\Peril_in_Pinebrook_COMPLETE\Peril_in_Pinebrook_COMPLETE_images\image_120.png	c:\Users\joshu\OneDrive\Documents\dnd\00 - Campaigns\Northwatch Wardens - (HomeBrew)\Season 1\Adventures\Peril_in_Pinebrook_COMPLETE\Peril_in_Pinebrook_COMPLETE.md	./Peril_in_Pinebrook_COMPLETE_images/image_120.png
C:\Users\joshu\OneDrive\Documents\dnd\00 - Campaigns\Northwatch Wardens - (HomeBrew)\Season 1\Adventures\Peril_in_Pinebrook_COMPLETE\Peril_in_Pinebrook_COMPLETE_images\image_121.png	c:\Users\joshu\OneDrive\Documents\dnd\00 - Campaigns\Northwatch Wardens - (HomeBrew)\Season 1\Adventures\Peril_in_Pinebrook_COMPLETE\Peril_in_Pinebrook_COMPLETE.md	./Peril_in_Pinebrook_COMPLETE_images/image_121.png
C:\Users\joshu\OneDrive\Documents\dnd\00 - Campaigns\Northwatch Wardens - (HomeBrew)\Season 1\Adventures\Peril_in_Pinebrook_COMPLETE\Peril_in_Pinebrook_COMPLETE_images\image_122.png	c:\Users\joshu\OneDrive\Documents\dnd\00 - Campaigns\Northwatch Wardens - (HomeBrew)\Season 1\Adventures\Peril_in_Pinebrook_COMPLETE\Peril_in_Pinebrook_COMPLETE.md	./Peril_in_Pinebrook_COMPLETE_images/image_122.png
C:\Users\joshu\OneDrive\Documents\dnd\00 - Campaigns\Northwatch Wardens - (HomeBrew)\Season 1\Adventures\Peril_in_Pinebrook_COMPLETE\Peril_in_Pinebrook_COMPLETE_images\image_123.png	c:\Users\joshu\OneDrive\Documents\dnd\00 - Campaigns\Northwatch Wardens - (HomeBrew)\Season 1\Adventures\Peril_in_Pinebrook_COMPLETE\Peril_in_Pinebrook_COMPLETE.md	./Peril_in_Pinebrook_COMPLETE_images/image_123.png
C:\Users\joshu\OneDrive\Documents\dnd\00 - Campaigns\Northwatch Wardens - (HomeBrew)\Season 1\Adventures\Peril_in_Pinebrook_COMPLETE\Peril_in_Pinebrook_COMPLETE_images\image_124.png	c:\Users\joshu\OneDrive\Documents\dnd\00 - Campaigns\Northwatch Wardens - (HomeBrew)\Season 1\Adventures\Peril_in_Pinebrook_COMPLETE\Peril_in_Pinebrook_COMPLETE.md	./Peril_in_Pinebrook_COMPLETE_images/image_124.png
C:\Users\joshu\OneDrive\Documents\dnd\00 - Campaigns\Northwatch Wardens - (HomeBrew)\Season 1\Adventures\Peril_in_Pinebrook_COMPLETE\Peril_in_Pinebrook_COMPLETE_images\image_125.png	c:\Users\joshu\OneDrive\Documents\dnd\00 - Campaigns\Northwatch Wardens - (HomeBrew)\Season 1\Adventures\Peril_in_Pinebrook_COMPLETE\Peril_in_Pinebrook_COMPLETE.md	./Peril_in_Pinebrook_COMPLETE_images/image_125.png
C:\Users\joshu\OneDrive\Documents\dnd\00 - Campaigns\Northwatch Wardens - (HomeBrew)\Season 1\Adventures\Peril_in_Pinebrook_COMPLETE\Peril_in_Pinebrook_COMPLETE_images\image_126.png	c:\Users\joshu\OneDrive\Documents\dnd\00 - Campaigns\Northwatch Wardens - (HomeBrew)\Season 1\Adventures\Peril_in_Pinebrook_COMPLETE\Peril_in_Pinebrook_COMPLETE.md	./Peril_in_Pinebrook_COMPLETE_images/image_126.png
C:\Users\joshu\OneDrive\Documents\dnd\00 - Campaigns\Northwatch Wardens - (HomeBrew)\Season 1\Adventures\Peril_in_Pinebrook_COMPLETE\Peril_in_Pinebrook_COMPLETE_images\image_127.png	c:\Users\joshu\OneDrive\Documents\dnd\00 - Campaigns\Northwatch Wardens - (HomeBrew)\Season 1\Adventures\Peril_in_Pinebrook_COMPLETE\Peril_in_Pinebrook_COMPLETE.md	./Peril_in_Pinebrook_COMPLETE_images/image_127.png
C:\Users\joshu\OneDrive\Documents\dnd\00 - Campaigns\Northwatch Wardens - (HomeBrew)\Season 1\Adventures\Peril_in_Pinebrook_COMPLETE\Peril_in_Pinebrook_COMPLETE_images\image_128.png	c:\Users\joshu\OneDrive\Documents\dnd\00 - Campaigns\Northwatch Wardens - (HomeBrew)\Season 1\Adventures\Peril_in_Pinebrook_COMPLETE\Peril_in_Pinebrook_COMPLETE.md	./Peril_in_Pinebrook_COMPLETE_images/image_128.png
C:\Users\joshu\OneDrive\Documents\dnd\00 - Campaigns\Northwatch Wardens - (HomeBrew)\Season 1\Adventures\Peril_in_Pinebrook_COMPLETE\Peril_in_Pinebrook_COMPLETE_images\image_129.png	c:\Users\joshu\OneDrive\Documents\dnd\00 - Campaigns\Northwatch Wardens - (HomeBrew)\Season 1\Adventures\Peril_in_Pinebrook_COMPLETE\Peril_in_Pinebrook_COMPLETE.md	./Peril_in_Pinebrook_COMPLETE_images/image_129.png
C:\Users\joshu\OneDrive\Documents\dnd\00 - Campaigns\Northwatch Wardens - (HomeBrew)\Season 1\Adventures\Peril_in_Pinebrook_COMPLETE\Peril_in_Pinebrook_COMPLETE_images\image_130.png	c:\Users\joshu\OneDrive\Documents\dnd\00 - Campaigns\Northwatch Wardens - (HomeBrew)\Season 1\Adventures\Peril_in_Pinebrook_COMPLETE\Peril_in_Pinebrook_COMPLETE.md	./Peril_in_Pinebrook_COMPLETE_images/image_130.png
C:\Users\joshu\OneDrive\Documents\dnd\00 - Campaigns\Northwatch Wardens - (HomeBrew)\Season 1\Adventures\Peril_in_Pinebrook_COMPLETE\Peril_in_Pinebrook_COMPLETE_images\image_131.png	c:\Users\joshu\OneDrive\Documents\dnd\00 - Campaigns\Northwatch Wardens - (HomeBrew)\Season 1\Adventures\Peril_in_Pinebrook_COMPLETE\Peril_in_Pinebrook_COMPLETE.md	./Peril_in_Pinebrook_COMPLETE_images/image_131.png
C:\Users\joshu\OneDrive\Documents\dnd\00 - Campaigns\Northwatch Wardens - (HomeBrew)\Season 1\Adventures\Peril_in_Pinebrook_COMPLETE\Peril_in_Pinebrook_COMPLETE_images\image_132.png	c:\Users\joshu\OneDrive\Documents\dnd\00 - Campaigns\Northwatch Wardens - (HomeBrew)\Season 1\Adventures\Peril_in_Pinebrook_COMPLETE\Peril_in_Pinebrook_COMPLETE.md	./Peril_in_Pinebrook_COMPLETE_images/image_132.png
C:\Users\joshu\OneDrive\Documents\dnd\00 - Campaigns\Northwatch Wardens - (HomeBrew)\Season 1\Adventures\Peril_in_Pinebrook_COMPLETE\Peril_in_Pinebrook_COMPLETE_images\image_133.png	c:\Users\joshu\OneDrive\Documents\dnd\00 - Campaigns\Northwatch Wardens - (HomeBrew)\Season 1\Adventures\Peril_in_Pinebrook_COMPLETE\Peril_in_Pinebrook_COMPLETE.md	./Peril_in_Pinebrook_COMPLETE_images/image_133.png
C:\Users\joshu\OneDrive\Documents\dnd\00 - Campaigns\Northwatch Wardens - (HomeBrew)\Season 1\Adventures\Peril_in_Pinebrook_COMPLETE\Peril_in_Pinebrook_COMPLETE_images\image_134.png	c:\Users\joshu\OneDrive\Documents\dnd\00 - Campaigns\Northwatch Wardens - (HomeBrew)\Season 1\Adventures\Peril_in_Pinebrook_COMPLETE\Peril_in_Pinebrook_COMPLETE.md	./Peril_in_Pinebrook_COMPLETE_images/image_134.png
C:\Users\joshu\OneDrive\Documents\dnd\00 - Campaigns\Northwatch Wardens - (HomeBrew)\Season 1\Adventures\Wolves_Of_Welton\5E_Wolves_Of_Welton_images\image_001.png	c:\Users\joshu\OneDrive\Documents\dnd\00 - Campaigns\Northwatch Wardens - (HomeBrew)\Season 1\Adventures\Wolves_Of_Welton\5E_Wolves_Of_Welton.md	./5E_Wolves_Of_Welton_images/image_001.png
C:\Users\joshu\OneDrive\Documents\dnd\00 - Campaigns\Northwatch Wardens - (HomeBrew)\Season 1\Adventures\Wolves_Of_Welton\5E_Wolves_Of_Welton_images\image_004.png	c:\Users\joshu\OneDrive\Documents\dnd\00 - Campaigns\Northwatch Wardens - (HomeBrew)\Season 1\Adventures\Wolves_Of_Welton\5E_Wolves_Of_Welton.md	./5E_Wolves_Of_Welton_images/image_004.png
C:\Users\joshu\OneDrive\Documents\dnd\00 - Campaigns\Northwatch Wardens - (HomeBrew)\Season 1\Adventures\Wolves_Of_Welton\5E_Wolves_Of_Welton_images\image_006.png	c:\Users\joshu\OneDrive\Documents\dnd\00 - Campaigns\Northwatch Wardens - (HomeBrew)\Season 1\Adventures\Wolves_Of_Welton\5E_Wolves_Of_Welton.md	./5E_Wolves_Of_Welton_images/image_006.png
C:\Users\joshu\OneDrive\Documents\dnd\00 - Campaigns\Northwatch Wardens - (HomeBrew)\Season 1\Adventures\Wolves_Of_Welton\5E_Wolves_Of_Welton_images\image_007.png	c:\Users\joshu\OneDrive\Documents\dnd\00 - Campaigns\Northwatch Wardens - (HomeBrew)\Season 1\Adventures\Wolves_Of_Welton\5E_Wolves_Of_Welton.md	./5E_Wolves_Of_Welton_images/image_007.png
